topic_id,word
0,error
0,file
0,info
0,info pid
0,log
0,main thread
0,pid
0,task
0,thread
0,warning
1,crash
1,crash report
1,crashes
1,crashing
1,fd
1,frames
1,libxulso
1,report
1,xul
1,xuldll
2,changeid
2,closed sync
2,complete pr
2,details upstream
2,pr
2,reviewedon
2,sync
2,sync complete
2,sync webplatformtests
2,upstream follow
2,webplatformtests
2,webplatformtests pr
2,wptexportrevision
2,wptsync
2,wptsync sync
3,apz
3,page
3,reproduce
3,results
3,scroll
3,scrollbar
3,scrolling
3,smooth
3,viewport
3,zoom
5,bytes
5,const
5,const unsigned
5,editor
5,int
5,int const
5,line
5,nsicontent
5,nsiframe
5,remove
6,account
6,email
6,folder
6,folders
6,mail
6,message
6,messages
6,results
6,server
6,thunderbird
7,anchor
7,changeid
7,layout
7,mozillacentral bug
7,pr
7,reviewedon
7,sync
7,sync webplatformtests
7,wptexportrevision
7,wptsync
8,address bar
8,autocomplete
8,bar
8,engine
8,history
8,icon
8,search
8,search engine
8,searches
8,suggestions
9,0x0
9,80
9,args
9,assertion
9,assertion failure
9,backtrace
9,const
9,mozillacentral revision
9,segmentation fault
9,unsigned
10,complete pr
10,details upstream
10,export
10,pr
10,sync
10,sync pr
10,upstream
10,webkit
10,wptsync
10,wptsync sync
11,background
11,color
11,colors
11,contrast
11,dark
11,dark mode
11,high
11,light
11,text
11,theme
12,audio
12,firefox
12,microphone
12,permission
12,play
12,playback
12,playing
12,sharing
12,sound
12,video
13,bar
13,button
13,hover
13,menu
13,panel
13,redesign
13,sidebar
13,sidebar panel
13,toolbar
13,vertical
14,bugs
14,bugzilla
14,database
14,installation
14,meta
14,new bug
14,page
14,track
14,tracking
14,tracking bug
15,api
15,content
15,devtools
15,document
15,embedder
15,extension
15,extensions
15,iframe
15,script
15,scripts
16,cpu
16,firefox
16,memory
16,mozilla
16,open
16,page
16,reproduce
16,results
16,tab
16,usage
17,animation
17,animations
17,canvas
17,changeid
17,follow
17,pr
17,reviewedon
17,sync
17,sync pr
17,webplatformtests pr
18,language
18,languages
18,locale
18,menu
18,panel
18,settings
18,translate
18,translation
18,translations
18,ui
19,account
19,field
19,firefox
19,login
19,manager
19,password
19,passwords
19,saved
19,user
19,username
20,00
20,addresssanitizer
20,bool
20,const
20,fd
20,int
20,jshandlejsvalue
20,nsiframe
20,unsigned
20,unsigned int
21,ca
21,certificate
21,certificates
21,client
21,march
21,nss
21,problem
21,root
21,ssl
21,validation
22,focus
22,focused
22,input
22,keyboard
22,nvda
22,press
22,reader
22,screen
22,screen reader
22,tab
23,actual behavior
23,behavior
23,environment operating
23,etp
23,firefox version
23,operating
23,reproduces
23,reproducible
23,strict
23,version firefox
24,build
24,clang
24,const
24,error
24,file included
24,referenced
24,rust
24,symbol
24,undefined
24,volatile
25,compose
25,drag
25,group
25,groups
25,strip
25,tab
25,tab group
25,tab groups
25,tabs
25,tray
26,column
26,div
26,enus
26,li
26,mozilla50
26,table
26,tables
26,width
26,windows
26,windows windows
27,beta
27,file
27,info
27,info pid
27,missing
27,missing file
27,pid
27,referenced
27,task
27,warning
28,background warning
28,info
28,info pid
28,info reftest
28,ipdl
28,ipdl background
28,pid
28,reftest
28,task
28,warning
29,0700
29,anonymous
29,committed
29,cts
29,demo
29,files
29,gpu
29,modified
29,shader
29,webgpu
30,changeid
30,cl
30,hu
30,pr
30,reviewedby
30,reviewedon
30,sync
30,sync complete
30,tests
30,wptsync
31,cookie
31,cookies
31,info pid
31,information
31,main thread
31,pid
31,tab does
31,thread warning
31,transform
31,warning
32,android
32,dynamic
32,encryption
32,gecko
32,geckodriver
32,geckoview
32,logcat
32,need
32,path
32,processing
33,caret
33,characters
33,cursor
33,highlight
33,line
33,paragraph
33,select
33,selection
33,text
33,word
34,bump
34,close
34,ignore
34,merge
34,pr
34,rebase
34,reopen
34,stop
34,ul
34,upgrade
35,follow mason
35,freed
35,freed masonfchromiumorg
35,mason
35,mason freed
35,masonfchromiumorg
35,masonfchromiumorg wrote
35,popup
35,pr
35,sync
36,alert
36,e10s
36,fission
36,graphs
36,patches
36,performance
36,push
36,regression
36,stylo
36,webrender
37,assertion
37,assertion failure
37,bool
37,const
37,fuzzing
37,int
37,jscallreason
37,jshandlejsvalue
37,mozilladomevent
37,unsigned
38,access
38,file open
38,handle
38,markers
38,mode
38,profiler
38,readonly
38,stream
38,testinfo expected
38,writable
39,convert
39,eslint
39,files
39,global
39,like
39,module
39,modules
39,plugin
39,rule
39,rules
40,bookmark
40,bookmarks
40,context menu
40,delete
40,folder
40,menu
40,new tab
40,open
40,star
40,toolbar
41,address bar
41,characters
41,chinese
41,font
41,fonts
41,glyphs
41,mozilla50
41,results
41,unicode
41,windows
42,bug initially
42,clone
42,clone bug
42,created clone
42,initially
42,initially created
42,issue
42,pdf
42,pdfjs
42,version
43,changeid
43,details upstream
43,element
43,follow
43,invalidation
43,pr
43,reviewedon
43,style
43,sync
43,upstream
44,data
44,glean
44,instrumentation
44,metric
44,metrics
44,ping
44,pings
44,population
44,realtime
44,type
45,default
45,download
45,downloaded
45,downloads
45,file
45,files
45,handler
45,location
45,pdf
45,save
46,affected
46,browser
46,build id
46,displayed
46,experiment
46,firefox
46,issue reproducible
46,prerequisites
46,profile
46,versions firefox
47,close
47,container
47,new tab
47,recently closed
47,restore
47,session
47,tab
47,tabs
47,window
47,windows
48,addons
48,block
48,extension
48,flash
48,ids
48,platforms
48,player
48,reason
48,request
48,versions
49,bootstrap
49,busted
49,dependencies
49,file
49,line
49,mach
49,module
49,python
49,run
49,running mach
50,changeid
50,david
50,follow david
50,position
50,pr
50,reviewedon
50,scroll
50,scroll position
50,snap
50,sync
51,dialog
51,pages
51,pdf
51,preview
51,print
51,print preview
51,printed
51,printer
51,printing
51,results
52,allocator
52,arm64
52,baseline
52,code
52,ion
52,operations
52,registers
52,stack
52,wasm
52,x86
53,adobe
53,agent mozilla50
53,correctly
53,pdf
53,pdf file
53,pdf viewer
53,reader
53,results
53,user agent
53,viewer
54,applied
54,autofill
54,card
54,cc
54,credit
54,dropdown
54,eligible
54,field
54,fields
54,form
55,collection
55,friendly
55,glean
55,hand
55,longer needed
55,metrics
55,nightly release
55,probes
55,release version
55,submit
56,basis
56,fixing
56,im filing
56,new bug
56,placeholder bug
56,rolling
56,swwr
56,try push
56,webrender
56,wr
57,baseline
57,container
57,containers
57,flex
57,grid
57,item
57,items
57,layout
57,reflow
57,scrollbars
58,child
58,info
58,info pid
58,ipc
58,main thread
58,pid
58,task
58,thread
58,thread warning
58,warning
59,calendar
59,date
59,day
59,input
59,month
59,picker
59,standard
59,time
59,timezone
59,tue
60,actual results
60,expected results
60,filter
60,info pid
60,mask
60,path
60,pid
60,rect
60,results
60,svg
61,beta
61,docker
61,esr
61,fenix
61,fennec
61,github
61,need
61,release
61,repo
61,support
62,complete pr
62,details
62,font
62,fonts
62,glyph
62,pr
62,sync
62,sync webplatformtests
62,ul
62,wptsync sync
63,button
63,card
63,cards
63,checker
63,product
63,quality
63,review
63,review checker
63,screen reader
63,sidebar
64,configuration
64,engine
64,engines
64,parameter
64,search
64,search engine
64,search engines
64,service
64,tests
64,wikipedia
65,cli
65,client
65,cluster
65,deployment
65,docker
65,gcp
65,jobs
65,taskcluster
65,worker
65,workers
66,bug build
66,build
66,final
66,html
66,html file
66,port bug
66,release
66,seamonkey
66,send
66,trunk
67,253
67,function
67,inline
67,inline function
67,int
67,int unsigned
67,long
67,long long
67,unsigned
67,webgl
68,android
68,codec
68,decoder
68,decoding
68,ffmpeg
68,hardware
68,libxulso
68,plugin
68,video
68,worker thread
69,0s
69,actual
69,diff
69,expected
69,node
69,stacktrace
69,task
69,test failure
69,test run
69,ui
70,app
70,docs
70,fennec
70,glean
70,plugin
70,plugins
70,projects
70,sdk
70,syntax
70,version
71,color
71,colors
71,highlight
71,parsing
71,pr
71,sync
71,sync webplatformtests
71,tests
71,upstream
71,wptsync sync
72,follow koji
72,ishii
72,ishii kojiichromiumorg
72,koji
72,koji ishii
72,kojiichromiumorg
72,kojiichromiumorg wrote
72,patch
72,pr
72,sync
73,binding
73,bindings
73,custom
73,custom element
73,dexbl
73,menu
73,menuitem
73,menulist
73,remove
73,xbl
74,branch
74,cluster
74,commit
74,commits
74,files
74,hg
74,mozbuild
74,noop
74,rebase
74,script
75,changeid
75,codec
75,counters
75,pr
75,revert
75,reviewedon
75,sync
75,sync webplatformtests
75,upstream
75,webcodecs
76,06
76,authentication
76,device
76,key
76,login
76,nov
76,register
76,results
76,security
76,usb
77,argument
77,bidi
77,cdp
77,chrome
77,command
77,context
77,fail
77,pass
77,webdriver
77,webdriver bidi
78,automation
78,behaviors
78,called
78,decoder
78,media
78,playback
78,streams
78,telemetry
78,tracks
78,video
79,blue
79,bot
79,chrome
79,ci
79,color
79,fail
79,pass
79,property
79,safari
79,wpt
80,bug number
80,content
80,content processes
80,enable
80,fission
80,headless mode
80,manager
80,processes
80,reenable
80,ublock
81,cursor
81,dom
81,event
81,events
81,info testpass
81,lock
81,mouse
81,pointer
81,test bound
81,testpass
82,account
82,changeid
82,christian
82,fedcm
82,pr
82,reviewedon
82,sync
82,sync webplatformtests
82,webplatformtests pr
82,wptsync
83,changeid
83,closed sync
83,commitqueue
83,crcommitposition
83,liu
83,migrate
83,pr
83,reviewedby
83,reviewedon
83,sync
84,controls
84,enter
84,exit
84,fullscreen
84,fullscreen mode
84,mode
84,screen
84,transition
84,video
84,youtube
85,add new
85,callout
85,callouts
85,checklist
85,collection
85,monitor
85,onboarding
85,rc
85,sidebar
85,strings
86,361
86,background warning
86,info parent
86,ipdl
86,ipdl background
86,marionette
86,parent
86,specs
86,thread warning
86,warning
87,address
87,autofill
87,autofilled
87,browsersearchregion
87,doorhanger
87,field
87,fields
87,form
87,save
87,saved
88,activity
88,bug fixes
88,export
88,fixes
88,license
88,react
88,scrollable
88,snippets
88,stream
88,tab page
89,closed sync
89,complete pr
89,details upstream
89,pr
89,sync
89,sync webplatformtests
89,webrtc
89,wpt
89,wptexportrevision
89,wptsync
90,client id
90,data
90,enrollment
90,experiment
90,heuristics
90,id
90,ids
90,ping
90,telemetry
90,telemetry probe
91,attribute
91,file created
91,fluent
91,migrate
91,migration
91,need
91,script
91,string
91,strings
91,width height
92,accessibility
92,accessible
92,api
92,fail
92,failing
92,focusable
92,individual
92,labeled
92,node
92,tier
93,access
93,allow
93,cross
93,crossorigin
93,location
93,origin
93,panel
93,permission
93,permissions
93,policy
94,frame
94,frames
94,invalidate
94,outofflow
94,packaging
94,reflow
94,spent
94,time
94,time spent
94,word
95,dns
95,domain
95,https
95,mozillaoriginattributes
95,requests
95,resolution
95,resolve
95,resolver
95,short
95,unsigned short
