component,S1,S2,S3,S4
API,0.0,0.08333333333333333,0.9166666666666666,0.0
API Key,0.0,0.0,1.0,0.0
API: DOM,0.0,0.0,1.0,0.0
API: IndexedDB,0.0,0.0,1.0,0.0
API: Web Workers,0.0,0.0,1.0,0.0
AWFY,0.0,0.0,1.0,0.0
AWSY,0.08333333333333333,0.0,0.8333333333333334,0.08333333333333333
Accessibility Tools,0.02127659574468085,0.06382978723404255,0.7872340425531915,0.1276595744680851
Account Help,0.0,0.0,1.0,0.0
Account Manager,0.1267605633802817,0.14084507042253522,0.5211267605633803,0.2112676056338028
Accounts and Sync,0.023809523809523808,0.2857142857142857,0.5714285714285714,0.11904761904761904
Activity Stream,0.0,0.0,1.0,0.0
Activity Streams: General,0.0,0.0,1.0,0.0
Add-Ons: Extensions API,0.015151515151515152,0.030303030303030304,0.48484848484848486,0.4696969696969697
Add-Ons: General,0.14285714285714285,0.0,0.6666666666666666,0.19047619047619047
Add-on Manager,0.0,0.0,1.0,0.0
Add-on Validation,0.0,0.0,1.0,0.0
Add-ons Manager,0.0136986301369863,0.05821917808219178,0.7534246575342466,0.17465753424657535
Address Bar,0.006617038875103391,0.09181141439205956,0.7088502894954508,0.19272125723738626
Address Book,0.016129032258064516,0.0967741935483871,0.532258064516129,0.3548387096774194
Administration,0.03278688524590164,0.01639344262295082,0.9508196721311475,0.0
Agent,0.007407407407407408,0.007407407407407408,0.837037037037037,0.14814814814814814
Alarms,0.3333333333333333,0.0,0.3333333333333333,0.3333333333333333
Alerts Service,0.0,0.0,0.875,0.125
Analytics,0.0,0.0,1.0,0.0
Android,0.045454545454545456,0.0,0.7272727272727273,0.22727272727272727
Android Studio and Gradle Integration,0.015151515151515152,0.06060606060606061,0.8181818181818182,0.10606060606060606
Android Sync,0.0,0.0,1.0,0.0
Antenna,0.0,0.0,1.0,0.0
App Bar,0.0,0.0,1.0,0.0
App Links,0.0,0.5625,0.4375,0.0
Application Panel,0.0,0.0,1.0,0.0
Application Update,0.018072289156626505,0.1144578313253012,0.6746987951807228,0.1927710843373494
Applications: Balrog (backend),0.0,0.0,1.0,0.0
Applications: Balrog (frontend),0.0,0.0,1.0,0.0
Applications: Mapper,0.0,0.0,1.0,0.0
Applications: MozharnessCore,0.0,0.0,0.7142857142857143,0.2857142857142857
Applications: Shipit,0.125,0.25,0.625,0.0
AppsInTheCloud,0.0,0.0,1.0,0.0
Async Tooling,0.0,0.0,0.8125,0.1875
Attachments,0.0,0.3333333333333333,0.6666666666666666,0.0
Attachments & Requests,1.0,0.0,0.0,0.0
Audio/Video,0.04289544235924933,0.05361930294906166,0.7211796246648794,0.18230563002680966
Audio/Video: GMP,0.015384615384615385,0.27692307692307694,0.6461538461538462,0.06153846153846154
Audio/Video: MediaStreamGraph,0.024390243902439025,0.0975609756097561,0.7073170731707317,0.17073170731707318
Audio/Video: Playback,0.042997542997543,0.10687960687960688,0.7113022113022113,0.13882063882063883
Audio/Video: Recording,0.08571428571428572,0.05714285714285714,0.7428571428571429,0.11428571428571428
Audio/Video: Web Codecs,0.0,0.03125,0.4270833333333333,0.5416666666666666
Audio/Video: cubeb,0.04861111111111111,0.18055555555555555,0.6527777777777778,0.11805555555555555
AutoConfig (Mission Control Desktop),0.0,0.0,0.8,0.2
Autocomplete,0.034482758620689655,0.034482758620689655,0.8620689655172413,0.06896551724137931
Autofill,0.0,0.3076923076923077,0.5384615384615384,0.15384615384615385
Autophone,0.0,0.0,1.0,0.0
Awesomescreen,0.0,0.0,1.0,0.0
BI: Tableau Administration,0.0,0.0,1.0,0.0
Backend,0.12080536912751678,0.0738255033557047,0.7449664429530202,0.06040268456375839
Background Tasks,0.0,0.35714285714285715,0.35714285714285715,0.2857142857142857
Bedrock,0.0,0.0,1.0,0.0
Blocklist Implementation,0.0,0.125,0.8125,0.0625
Blocklist Policy Requests,0.0,0.0,1.0,0.0
Blogs,0.0,0.0,1.0,0.0
Bluetooth,0.0,0.0,1.0,0.0
Bookmarks,0.0,0.21052631578947367,0.5964912280701754,0.19298245614035087
Bookmarks & History,0.034013605442176874,0.05782312925170068,0.7380952380952381,0.17006802721088435
Bootstrap Configuration,0.0,0.01639344262295082,0.6885245901639344,0.29508196721311475
Browser,0.0,0.0,1.0,0.0
Browser Engine,0.022727272727272728,0.45454545454545453,0.45454545454545453,0.06818181818181818
Bug Creation/Editing,0.038461538461538464,0.038461538461538464,0.9230769230769231,0.0
Bugherder,0.0,0.0,1.0,0.0
Bugzilla-General,0.1,0.13333333333333333,0.7,0.06666666666666667
Build,0.0,0.0,0.7666666666666667,0.23333333333333334
Build & Test,0.0,0.0,0.8571428571428571,0.14285714285714285
Build Config,0.09375,0.08854166666666667,0.6354166666666666,0.18229166666666666
Build Documentation,0.0,0.5,0.0,0.5
Bulk Bug Edit Requests,0.0,0.0,1.0,0.0
CA Certificate Compliance,0.0,0.0,1.0,0.0
CA Certificate Root Program,0.0,0.0,1.0,0.0
CA Certificates Code,0.0,0.0,0.42857142857142855,0.5714285714285714
CCK-General,0.0,0.0,1.0,0.0
CCK-Installation,0.0,0.3333333333333333,0.6666666666666666,0.0
CCK-Wizard,0.0,0.25,0.75,0.0
CDP,0.0,0.007633587786259542,0.9083969465648855,0.08396946564885496
CI Configuration,0.0,0.0,0.0,1.0
CIDuty,0.0380952380952381,0.0,0.9619047619047619,0.0
CPPUnitTest,0.0,0.0,1.0,0.0
CSS,0.0,0.0,1.0,0.0
CSS Parsing and Computation,0.010256410256410256,0.028205128205128206,0.8811965811965812,0.08034188034188035
CSS Transitions and Animations,0.0,0.05194805194805195,0.8961038961038961,0.05194805194805195
Calendar Frontend,0.0,0.08,0.64,0.28
Canvas Debugger,0.0,0.0,1.0,0.0
ChatZilla,0.2,0.06666666666666667,0.6666666666666666,0.06666666666666667
Classification Engine,0.0,0.0,1.0,0.0
Client,0.0,0.0,1.0,0.0
Client: Desktop,0.0,0.0,1.0,0.0
Cmd-line Features,0.0,0.0,0.5,0.5
Code Cleanup,0.0,0.0,1.0,0.0
Code Coverage,0.0,0.03389830508474576,0.7966101694915254,0.1694915254237288
Code Quality,0.0,0.0,1.0,0.0
Collections,0.0,0.2,0.6,0.2
Community IT: Discourse,0.0,0.0,1.0,0.0
Community Ops,0.0,0.0,1.0,0.0
Compatibility,0.0,0.08,0.92,0.0
Compiler,0.0,0.0,1.0,0.0
Composer,0.0,0.0,1.0,0.0
Composition,0.13793103448275862,0.11494252873563218,0.6781609195402298,0.06896551724137931
Condprofile,0.0,0.0,0.4444444444444444,0.5555555555555556
Console,0.0,0.014814814814814815,0.8888888888888888,0.0962962962962963
Consultation,0.0,0.0,1.0,0.0
Consumer Pages,0.0,0.0,1.0,0.0
Content Prompts,0.0,0.0,0.6,0.4
Continous Integration,0.5,0.0,0.5,0.0
Core,0.0,0.0,1.0,0.0
Corporate VPN: ACL requests,0.0,0.0,1.0,0.0
Corporate VPN: Support requests,0.0,0.0,1.0,0.0
Crash Reporting,0.03398058252427184,0.21844660194174756,0.5631067961165048,0.18446601941747573
Creating/Changing Bugs,0.0,0.0,1.0,0.0
Custom Bug Entry Forms,0.0,0.1111111111111111,0.8888888888888888,0.0
Custom Tabs,0.3333333333333333,0.0,0.6666666666666666,0.0
Cycle Collector,0.0,0.25,0.75,0.0
DCOps,0.0,0.0,1.0,0.0
DLL Services,0.0,0.0,0.6875,0.3125
DMD,0.0,0.0,1.0,0.0
DNS and Domain Registration,0.0,0.2,0.8,0.0
DOM,0.0,0.0,0.6666666666666666,0.3333333333333333
DOM Inspector,0.0,0.0,1.0,0.0
DOM: Animation,0.025,0.0625,0.825,0.0875
DOM: Apps,0.0,0.0,1.0,0.0
DOM: Bindings (WebIDL),0.0,0.031578947368421054,0.9263157894736842,0.042105263157894736
DOM: CSS Object Model,0.01639344262295082,0.03278688524590164,0.8688524590163934,0.08196721311475409
DOM: Contacts,0.0,0.0,1.0,0.0
DOM: Content Processes,0.051470588235294115,0.07352941176470588,0.7794117647058824,0.09558823529411764
DOM: Copy & Paste and Drag & Drop,0.0,0.2982456140350877,0.631578947368421,0.07017543859649122
DOM: Core & HTML,0.024049217002237135,0.05480984340044743,0.7986577181208053,0.12248322147651007
DOM: Credential Management,0.0,0.02702702702702703,0.3783783783783784,0.5945945945945946
DOM: Device Interfaces,0.0,0.02702702702702703,0.9324324324324325,0.04054054054054054
DOM: Editor,0.03672787979966611,0.11352253756260434,0.7846410684474123,0.0651085141903172
DOM: Events,0.016666666666666666,0.08333333333333333,0.8375,0.0625
DOM: File,0.02,0.12,0.7933333333333333,0.06666666666666667
DOM: Forms,0.0,0.058823529411764705,0.9411764705882353,0.0
DOM: Geolocation,0.0,0.05555555555555555,0.7777777777777778,0.16666666666666666
DOM: HTML Parser,0.0975609756097561,0.10975609756097561,0.7560975609756098,0.036585365853658534
DOM: Navigation,0.03319502074688797,0.11410788381742738,0.7655601659751037,0.08713692946058091
DOM: Networking,0.0,0.06086956521739131,0.7043478260869566,0.23478260869565218
DOM: Notifications,0.0,0.03333333333333333,0.6833333333333333,0.2833333333333333
DOM: Performance APIs,0.0,0.1,0.3333333333333333,0.5666666666666667
DOM: Push Subscriptions,0.0,0.09090909090909091,0.9090909090909091,0.0
DOM: Security,0.023608768971332208,0.026981450252951095,0.7740303541315345,0.17537942664418213
DOM: Selection,0.0189873417721519,0.08227848101265822,0.8607594936708861,0.0379746835443038
DOM: Serializers,0.06451612903225806,0.06451612903225806,0.8709677419354839,0.0
DOM: Service Workers,0.03553299492385787,0.1116751269035533,0.766497461928934,0.08629441624365482
DOM: Streams,0.0,0.17307692307692307,0.6346153846153846,0.19230769230769232
DOM: UI Events & Focus Handling,0.017994858611825194,0.11053984575835475,0.7917737789203085,0.07969151670951156
DOM: Web Authentication,0.030534351145038167,0.15267175572519084,0.6564885496183206,0.16030534351145037
DOM: Web Crypto,0.0,0.08695652173913043,0.43478260869565216,0.4782608695652174
DOM: Web Payments,0.0,0.0,0.6923076923076923,0.3076923076923077
DOM: Window and Location,0.3333333333333333,0.3333333333333333,0.3333333333333333,0.0
DOM: Workers,0.05263157894736842,0.17543859649122806,0.6608187134502924,0.1111111111111111
DOM: postMessage,0.0,0.36363636363636365,0.5454545454545454,0.09090909090909091
Dashboard,0.0,0.0,1.0,0.0
Data Collection/Metrics,0.0,0.0,1.0,0.0
Data Loss Prevention,0.0,0.012048192771084338,0.6385542168674698,0.3493975903614458
Data Sanitization,0.0136986301369863,0.1232876712328767,0.6027397260273972,0.2602739726027397
Database,0.07407407407407407,0.14814814814814814,0.7037037037037037,0.07407407407407407
Datasets: Longitudinal,0.0,0.0,1.0,0.0
Debugger,0.003436426116838488,0.003436426116838488,0.8711340206185567,0.12199312714776632
Default Browser Agent,0.0,0.125,0.5416666666666666,0.3333333333333333
Design,0.0,0.0,1.0,0.0
Design System and Theming,0.0,0.23076923076923078,0.38461538461538464,0.38461538461538464
Despot,0.0,0.0,1.0,0.0
Developer Environment Integration,0.0,0.0,0.75,0.25
Developer Outreach,0.0,0.0,1.0,0.0
Developer Pages,0.0,0.0,1.0,0.0
Developer Tools,0.0,0.05555555555555555,0.7777777777777778,0.16666666666666666
Dialogs,0.0,0.16666666666666666,0.5833333333333334,0.25
Disability Access,0.030303030303030304,0.09090909090909091,0.6363636363636364,0.24242424242424243
Disability Access APIs,0.014527845036319613,0.2106537530266344,0.6077481840193705,0.16707021791767554
Distributions,0.0,0.0,0.75,0.25
Documentation,0.0,0.0,0.896551724137931,0.10344827586206896
Documentation and Knowledge Repo (RTMO),0.0,0.0,1.0,0.0
Download & File Handling,0.03225806451612903,0.03225806451612903,0.8709677419354839,0.06451612903225806
Download Manager,0.0,0.0,1.0,0.0
Downloading,0.0,0.0,1.0,0.0
Downloads,0.012195121951219513,0.3048780487804878,0.6463414634146342,0.036585365853658534
Downloads API,0.041666666666666664,0.041666666666666664,0.8125,0.10416666666666667
Downloads Panel,0.019230769230769232,0.125,0.7692307692307693,0.08653846153846154
E-mail based Scheduling (iTIP/iMIP),0.0,0.25,0.25,0.5
Editbugs Requests,0.0,0.0,1.0,0.0
Elmo,0.0,0.0,1.0,0.0
Email,0.0,0.0,1.0,0.0
Email Notifications,0.0,0.16666666666666666,0.8333333333333334,0.0
Embedding: APIs,0.0,0.0,1.0,0.0
Embedding: ActiveX Wrapper,0.25,0.0,0.75,0.0
Embedding: Packaging,0.0,0.0,0.0,1.0
Emulator,0.0,0.0,1.0,0.0
English US,0.0,0.4,0.6,0.0
Enterprise Policies,0.02531645569620253,0.10126582278481013,0.7468354430379747,0.12658227848101267
Experiment Collaboration,0.0,0.041666666666666664,0.9583333333333334,0.0
Experimentation and Telemetry,0.020833333333333332,0.6145833333333334,0.2708333333333333,0.09375
Experiments,0.0,0.0,1.0,0.0
Extension Compatibility,0.0,0.0,1.0,0.0
Extensions,0.06153846153846154,0.03076923076923077,0.8461538461538461,0.06153846153846154
FeatureGate,0.0,0.14285714285714285,0.2857142857142857,0.5714285714285714
Feed Discovery and Preview,0.0,0.0,1.0,0.0
Feed Reader,0.0,0.125,0.75,0.125
File Handling,0.025210084033613446,0.15966386554621848,0.7226890756302521,0.09243697478991597
FileLink,0.0,0.0,0.5,0.5
Filters,0.0625,0.125,0.75,0.0625
Find Backend,0.0,0.0,1.0,0.0
Find In Page,0.0,0.0,1.0,0.0
Find Toolbar,0.045454545454545456,0.022727272727272728,0.8181818181818182,0.11363636363636363
FindMyDevice,0.0,0.0,1.0,0.0
Firefox Accounts,0.0,0.1794871794871795,0.6666666666666666,0.15384615384615385
Firefox Desktop: Consultation,0.0,0.0,1.0,0.0
Firefox Monitor,0.0,0.0,1.0,0.0
Firefox Operations,0.0,0.0,1.0,0.0
Firefox Source Docs: Content,0.0,0.14285714285714285,0.42857142857142855,0.42857142857142855
Firefox UI Tests,0.027777777777777776,0.0,0.75,0.2222222222222222
Firefox View,0.005376344086021506,0.11827956989247312,0.46236559139784944,0.41397849462365593
Firefox-CI Administration,0.07692307692307693,0.07692307692307693,0.8076923076923077,0.038461538461538464
Firefox: Common,0.0,0.0,1.0,0.0
Flash (Adobe),0.0,0.0,1.0,0.0
Fluent Migration,0.0,0.0,0.8888888888888888,0.1111111111111111
Folder and Message Lists,0.030303030303030304,0.1471861471861472,0.5584415584415584,0.26406926406926406
Form Autofill,0.0,0.02168021680216802,0.6612466124661247,0.3170731707317073
Form Manager,0.11363636363636363,0.06818181818181818,0.7045454545454546,0.11363636363636363
Foxfooding,0.5,0.0,0.0,0.5
Framework,0.0,0.0,0.8711656441717791,0.12883435582822086
Fraud Detection,0.0,0.0,1.0,0.0
Frontend,0.01818181818181818,0.03636363636363636,0.7090909090909091,0.23636363636363636
Fuzzing,0.0,0.10344827586206896,0.5517241379310345,0.3448275862068966
FxA,0.0,0.0,1.0,0.0
Fxa Client,0.0,1.0,0.0,0.0
GFX,0.0,0.2631578947368421,0.7368421052631579,0.0
GFX: Gtk,0.0,0.0,1.0,0.0
GFX: Mac,0.0,0.2,0.8,0.0
GTest,0.0,0.0,0.5,0.5
Gaia,0.058823529411764705,0.0,0.9411764705882353,0.0
Gaia::Browser,0.0,0.0,1.0,0.0
Gaia::Build,0.0,0.0,1.0,0.0
Gaia::Calendar,0.0,0.0,1.0,0.0
Gaia::Camera,0.16666666666666666,0.16666666666666666,0.6666666666666666,0.0
Gaia::Clock,0.0,0.0,1.0,0.0
Gaia::Components,0.0,0.0,1.0,0.0
Gaia::Contacts,0.0,0.0,1.0,0.0
Gaia::Cost Control,0.0,0.0,1.0,0.0
Gaia::Dialer,0.0,0.0,1.0,0.0
Gaia::E-Mail,0.0,0.0,1.0,0.0
Gaia::Everything.me,0.0,0.0,1.0,0.0
Gaia::FMRadio,0.0,0.0,1.0,0.0
Gaia::Gallery,0.0,0.0,1.0,0.0
Gaia::Hackerplace,0.0,0.0,1.0,0.0
Gaia::Homescreen,0.2222222222222222,0.1111111111111111,0.6666666666666666,0.0
Gaia::Keyboard,0.0,0.25,0.75,0.0
Gaia::L10n,0.0,0.0,1.0,0.0
Gaia::Loop,0.0,0.0,1.0,0.0
Gaia::Music,0.0,0.0,1.0,0.0
Gaia::PDF Viewer,0.0,0.0,1.0,0.0
Gaia::SMS,0.0,0.2,0.8,0.0
Gaia::Search,0.0,0.0,1.0,0.0
Gaia::Settings,0.14285714285714285,0.0,0.8571428571428571,0.0
Gaia::Shared,0.0,0.0,1.0,0.0
Gaia::System,0.04,0.0,0.96,0.0
Gaia::System::Browser Chrome,0.0,0.0,1.0,0.0
Gaia::System::Window Mgmt,0.0,0.0,1.0,0.0
Gaia::TV,0.0,0.0,1.0,0.0
Gaia::TV::Fling,0.0,0.0,1.0,0.0
Gaia::UI Tests,0.125,0.125,0.75,0.0
Gaia::Video,0.0,0.25,0.75,0.0
Gaia::Wallpaper,0.0,0.0,1.0,0.0
Gecko Profiler,0.007662835249042145,0.03065134099616858,0.8122605363984674,0.14942528735632185
Gecko Trace,0.0,0.0,1.0,0.0
General,0.026851644663235624,0.060639964197807115,0.7690758558961737,0.14343253524278363
General: Unsupported Platforms,0.0,0.0,1.0,0.0
German,0.0,0.0,0.0,1.0
Git,0.0,0.0,1.0,0.0
Github: Administration,0.0,0.0,1.0,0.0
Glean: SDK,0.0040650406504065045,0.016260162601626018,0.9390243902439024,0.04065040650406504
GonkIntegration,0.0,0.25,0.75,0.0
Graphic Commandline and Toolbar,0.0,0.0,0.8333333333333334,0.16666666666666666
Graphics,0.06398996235884567,0.1191969887076537,0.7277289836888331,0.0890840652446675
Graphics: Canvas2D,0.013201320132013201,0.12211221122112212,0.6996699669966997,0.16501650165016502
Graphics: CanvasWebGL,0.022123893805309734,0.168141592920354,0.588495575221239,0.22123893805309736
Graphics: Color Management,0.05714285714285714,0.14285714285714285,0.7142857142857143,0.08571428571428572
Graphics: ImageLib,0.0379746835443038,0.04746835443037975,0.8512658227848101,0.06329113924050633
Graphics: Layers,0.07514450867052024,0.04046242774566474,0.8670520231213873,0.017341040462427744
Graphics: Text,0.041884816753926704,0.13612565445026178,0.7696335078534031,0.05235602094240838
Graphics: WebGPU,0.0,0.0660377358490566,0.8113207547169812,0.12264150943396226
Graphics: WebRender,0.03706624605678233,0.0946372239747634,0.8162460567823344,0.052050473186119876
Graveyard Tasks,0.0,0.0,1.0,0.0
HTML,0.0,0.0,1.0,0.0
Hardware Abstraction Layer (HAL),0.0,0.1,0.9,0.0
Headless,0.0,0.0,0.875,0.125
Help Documentation,0.0,0.05263157894736842,0.8421052631578947,0.10526315789473684
Help Viewer,0.0,0.0,1.0,0.0
Heroku: Administration,0.0,0.0,1.0,0.0
History,0.0,0.4375,0.4375,0.125
Homepage,0.0,0.24,0.52,0.24
ICAL.js Integration,0.0,0.6666666666666666,0.3333333333333333,0.0
IME,0.04,0.08,0.76,0.12
IOUtils and PathUtils,0.0,0.0,1.0,0.0
IP Protection,0.0,0.17647058823529413,0.5294117647058824,0.29411764705882354
IPC,0.0625,0.13541666666666666,0.6458333333333334,0.15625
IPC: MSCOM,0.1111111111111111,0.3333333333333333,0.5555555555555556,0.0
IRC,0.0,0.0,1.0,0.0
IT-Managed Tools,0.0,0.0,1.0,0.0
Import,0.0,0.2857142857142857,0.42857142857142855,0.2857142857142857
Import and Export,0.0,0.0,1.0,0.0
Infra,0.0,0.0,1.0,0.0
Infrastructure,0.0,0.0,1.0,0.0
Infrastructure: IRC,0.0,0.0,1.0,0.0
Infrastructure: LDAP,0.0,0.0,1.0,0.0
Infrastructure: Mail,0.0,0.5,0.5,0.0
Infrastructure: Other,0.0,0.0,1.0,0.0
Input,0.0,0.0,1.0,0.0
Inspector,0.0,0.007434944237918215,0.8884758364312267,0.10408921933085502
Inspector: Animations,0.0,0.03125,0.84375,0.125
Inspector: Changes,0.0,0.0,0.9411764705882353,0.058823529411764705
Inspector: Compatibility,0.0,0.0,0.6,0.4
Inspector: Layout,0.0,0.0,1.0,0.0
Inspector: Rules,0.0,0.010256410256410256,0.8717948717948718,0.11794871794871795
Installer,0.03424657534246575,0.0958904109589041,0.815068493150685,0.0547945205479452
Installer: XPInstall Engine,0.2127659574468085,0.1276595744680851,0.6170212765957447,0.0425531914893617
Instant Messaging,0.0,0.05714285714285714,0.7428571428571429,0.2
Internal Components,0.0,0.0,0.8,0.2
Internationalization,0.03501945525291829,0.08171206225680934,0.8521400778210116,0.0311284046692607
Internationalization: Localization,0.1,0.2,0.6,0.1
Interventions,0.07317073170731707,0.04878048780487805,0.8780487804878049,0.0
Investigation,0.0,0.06666666666666667,0.9333333333333333,0.0
Iodide,0.0,0.0,1.0,0.0
JSON Viewer,0.0,0.05555555555555555,0.8888888888888888,0.05555555555555555
Java APIs for DOM,0.3333333333333333,0.0,0.6666666666666666,0.0
Java to XPCOM Bridge,0.0,0.0,1.0,0.0
Java-Implemented Plugins,0.0,0.5,0.5,0.0
Java: OJI,0.2222222222222222,0.1111111111111111,0.6666666666666666,0.0
JavaScript Engine,0.08842239185750636,0.04643765903307888,0.7290076335877863,0.1361323155216285
JavaScript Engine: JIT,0.032586558044806514,0.1120162932790224,0.5987780040733197,0.25661914460285135
JavaScript: GC,0.04559270516717325,0.057750759878419454,0.7082066869300911,0.1884498480243161
JavaScript: Internationalization API,0.0,0.09090909090909091,0.7727272727272727,0.13636363636363635
JavaScript: Standard Library,0.0,0.0392156862745098,0.8627450980392157,0.09803921568627451
JavaScript: WebAssembly,0.04008438818565401,0.18143459915611815,0.6413502109704642,0.1371308016877637
Jetpack Prototype,0.0,0.0,1.0,0.0
Keyboard Navigation,0.0,0.15,0.7,0.15
Keyboards and IME,0.08333333333333333,0.0,0.9166666666666666,0.0
Knowledge Base,0.0,1.0,0.0,0.0
Knowledge Base Articles,0.0,0.5,0.5,0.0
Knowledge Base Content,0.125,0.0,0.875,0.0
KumaScript,0.0,0.0,1.0,0.0
L10N,0.0,0.2,0.4,0.4
L10n,0.0,0.5,0.0,0.5
LDAP Integration,0.6,0.0,0.4,0.0
LDAP XPCOM SDK,0.0,0.0,1.0,0.0
Lando,0.0,0.0,0.8888888888888888,0.1111111111111111
Launcher Process,0.03225806451612903,0.16129032258064516,0.5806451612903226,0.22580645161290322
Layout,0.05293276108726753,0.04721030042918455,0.7675250357653791,0.1323319027181688
Layout: Block and Inline,0.00847457627118644,0.0423728813559322,0.9067796610169492,0.0423728813559322
Layout: Columns,0.0,0.10714285714285714,0.8214285714285714,0.07142857142857142
Layout: Flexbox,0.009615384615384616,0.11538461538461539,0.8365384615384616,0.038461538461538464
Layout: Floats,0.046153846153846156,0.07692307692307693,0.8769230769230769,0.0
Layout: Form Controls,0.041666666666666664,0.060897435897435896,0.842948717948718,0.05448717948717949
"Layout: Generated Content, Lists, and Counters",0.027777777777777776,0.0,0.8055555555555556,0.16666666666666666
Layout: Grid,0.011627906976744186,0.046511627906976744,0.8604651162790697,0.08139534883720931
"Layout: Images, Video, and HTML Frames",0.04477611940298507,0.11940298507462686,0.6268656716417911,0.208955223880597
Layout: Positioned,0.013157894736842105,0.07894736842105263,0.8947368421052632,0.013157894736842105
Layout: Ruby,0.0,0.0,1.0,0.0
Layout: Scrolling and Overflow,0.013986013986013986,0.06993006993006994,0.7832167832167832,0.13286713286713286
Layout: Tables,0.04046242774566474,0.10404624277456648,0.8323699421965318,0.023121387283236993
Layout: Text and Fonts,0.02729528535980149,0.10173697270471464,0.8064516129032258,0.06451612903225806
Libraries,0.03205128205128205,0.05128205128205128,0.5897435897435898,0.3269230769230769
Licensing,0.0,0.0,1.0,0.0
Lightning Only,0.0,0.0,1.0,0.0
Lightning: SeaMonkey Integration,0.0,0.0,1.0,0.0
Lint and Formatting,0.0,0.006369426751592357,0.7133757961783439,0.2802547770700637
Litmus,0.0,0.0,1.0,0.0
Locale switching and selection,0.0,1.0,0.0,0.0
Localization,0.0,0.5,0.5,0.0
Location Bar,0.0,0.0,1.0,0.0
Logins,0.0,0.38095238095238093,0.42857142857142855,0.19047619047619047
"Logins, Passwords and Form Fill",0.0,0.5,0.5,0.0
MCWS,0.0,0.0,1.0,0.0
MFBT,0.012048192771084338,0.0,0.891566265060241,0.0963855421686747
MIME,0.07142857142857142,0.25,0.5714285714285714,0.10714285714285714
MOC: Service Requests,0.0,0.0,1.0,0.0
MTBF,0.0,0.0,1.0,0.0
MXR,0.0,0.0,1.0,0.0
Mach Core,0.0,0.12380952380952381,0.638095238095238,0.23809523809523808
Mach Vendor & Updatebot,0.0,0.0,0.625,0.375
Machine Learning,0.00980392156862745,0.13725490196078433,0.5098039215686274,0.3431372549019608
Mail Window,0.0,1.0,0.0,0.0
Mail Window Front End,0.0,0.04678362573099415,0.5847953216374269,0.3684210526315789
MailNews: Account Configuration,0.0,0.16666666666666666,0.8333333333333334,0.0
MailNews: Address Book & Contacts,0.10714285714285714,0.25,0.6428571428571429,0.0
MailNews: Backend,0.0,0.0,1.0,0.0
MailNews: Composition,0.0,0.0,1.0,0.0
MailNews: General,0.0,0.0,1.0,0.0
MailNews: Message Display,0.1728395061728395,0.1111111111111111,0.7160493827160493,0.0
Marionette,0.01,0.02,0.72,0.25
Marionette Client and Harness,0.01020408163265306,0.01020408163265306,0.7653061224489796,0.21428571428571427
MathML,0.043478260869565216,0.014492753623188406,0.855072463768116,0.08695652173913043
Matrix,0.0,0.2,0.6,0.2
Media,0.038461538461538464,0.38461538461538464,0.5384615384615384,0.038461538461538464
Memory,0.0,0.041666666666666664,0.9166666666666666,0.041666666666666664
Memory Allocator,0.047619047619047616,0.11904761904761904,0.5238095238095238,0.30952380952380953
Menu and Toolbar,0.0,0.0,1.0,0.0
Menus,0.014598540145985401,0.10218978102189781,0.7153284671532847,0.1678832116788321
Mercurial: configwizard,0.0,0.0,1.0,0.0
Mercurial: hg.mozilla.org,0.01818181818181818,0.0,0.9818181818181818,0.0
Mercurial: mozext,0.0,0.0,1.0,0.0
Mercurial: robustcheckout,0.0,0.0,1.0,0.0
Message Compose Window,0.03007518796992481,0.20300751879699247,0.5789473684210527,0.18796992481203006
Message Reader UI,0.05555555555555555,0.14814814814814814,0.5370370370370371,0.25925925925925924
Messaging System,0.004103967168262654,0.2079343365253078,0.6361149110807114,0.1518467852257182
Metrics,0.0,0.0,1.0,0.0
Metrics Operations,0.0,0.0,1.0,0.0
Metrics: Pipeline,0.0,0.0,1.0,0.0
Metrics: Product Metrics,0.0,0.0,1.0,0.0
Metro Operations,0.0,0.0,1.0,0.0
Migration,0.008849557522123894,0.08849557522123894,0.6460176991150443,0.25663716814159293
Miscellaneous,0.2,0.0,0.8,0.0
Mission Control,0.0,0.0,1.0,0.0
Mochitest,0.0,0.0410958904109589,0.7397260273972602,0.2191780821917808
Mozbase,0.0,0.07575757575757576,0.6515151515151515,0.2727272727272727
Mozbase Rust,0.0,0.0,0.6,0.4
Mozbot,0.0,0.0,1.0,0.0
Mozilla Community Sites,0.0,0.0,1.0,0.0
MozillaBuild,0.0,0.1875,0.75,0.0625
Mozmill,0.0,0.0,1.0,0.0
Mozmill Tests,0.0,0.0,1.0,0.0
MyDashboard,0.0,0.0,1.0,0.0
NFC,0.0,0.0,1.0,0.0
NSPR,0.03333333333333333,0.0,0.8333333333333334,0.13333333333333333
NetOps,0.1111111111111111,0.0,0.8888888888888888,0.0
NetOps: DC ACL Request,0.0,0.0,1.0,0.0
NetOps: DC Other,0.0,0.0,1.0,0.0
NetOps: DC Port Configurations,0.0,0.0,1.0,0.0
NetOps: Office Other,0.0,0.0,1.0,0.0
Netmonitor,0.004032258064516129,0.008064516129032258,0.8508064516129032,0.13709677419354838
Networking,0.04438964241676942,0.07151664611590629,0.7299630086313194,0.15413070283600494
Networking: Cache,0.024691358024691357,0.08641975308641975,0.7777777777777778,0.1111111111111111
Networking: Cookies,0.027586206896551724,0.06206896551724138,0.7448275862068966,0.16551724137931034
Networking: DNS,0.012121212121212121,0.06060606060606061,0.8121212121212121,0.11515151515151516
Networking: Exchange,0.0,0.5,0.0,0.5
Networking: FTP,0.06666666666666667,0.06666666666666667,0.8666666666666667,0.0
Networking: File,0.07692307692307693,0.0,0.9230769230769231,0.0
Networking: HTTP,0.03260869565217391,0.11684782608695653,0.7119565217391305,0.13858695652173914
Networking: IMAP,0.10344827586206896,0.4827586206896552,0.3103448275862069,0.10344827586206896
Networking: JAR,0.05,0.15,0.65,0.15
Networking: NNTP,0.0,0.2,0.6,0.2
Networking: POP,0.0,0.5,0.5,0.0
Networking: Proxy,0.0,0.0,0.7777777777777778,0.2222222222222222
Networking: SMTP,0.125,0.0,0.75,0.125
Networking: WebSockets,0.0,0.20454545454545456,0.5681818181818182,0.22727272727272727
New Tab Page,0.009210526315789473,0.08157894736842106,0.7776315789473685,0.13157894736842105
Nimbus Desktop Client,0.0,0.024154589371980676,0.9227053140096618,0.05314009661835749
Normandy Client,0.03125,0.078125,0.828125,0.0625
Notifications and Alerts,0.0,0.15217391304347827,0.6739130434782609,0.17391304347826086
Nucleus,0.0,0.0,1.0,0.0
OS Integration,0.08,0.16,0.64,0.12
OS.File,0.0,0.0,0.9523809523809523,0.047619047619047616
Object Inspector,0.0,0.18181818181818182,0.8181818181818182,0.0
Onboarding,0.0,0.4444444444444444,0.4222222222222222,0.13333333333333333
Operations,0.0,0.0,1.0,0.0
Operations and Service Requests,0.0,0.0,1.0,0.0
Operations: AMO,0.0,0.0,1.0,0.0
Operations: AWS Account Request,0.0,0.0,1.0,0.0
Operations: Autograph,0.0,0.0,1.0,0.0
Operations: Balrog,0.0,0.0,1.0,0.0
Operations: CRLite,0.0,0.0,1.0,0.0
Operations: Deployment Requests - DEPRECATED,0.0,0.0,1.0,0.0
Operations: Kinto,0.5,0.0,0.5,0.0
Operations: LandoAPI,0.0,0.0,1.0,0.0
Operations: Metrics/Monitoring,0.0,0.0,1.0,0.0
Operations: Miscellaneous,0.058823529411764705,0.029411764705882353,0.9117647058823529,0.0
Operations: Normandy,0.0,0.0,1.0,0.0
Operations: Phabricator,0.0,0.0,1.0,0.0
Operations: Product Delivery,0.14285714285714285,0.0,0.8571428571428571,0.0
Operations: Sentry,0.0,0.0,1.0,0.0
Operations: Socorro,0.0,0.0,1.0,0.0
Operations: Taskcluster,0.0,0.0,1.0,0.0
Other,0.09411764705882353,0.2235294117647059,0.6705882352941176,0.011764705882352941
Overlays,0.0,0.0,1.0,0.0
PDF Viewer,0.008858267716535433,0.10334645669291338,0.8543307086614174,0.03346456692913386
PWA,0.0,0.16666666666666666,0.6666666666666666,0.16666666666666666
Page Info,0.0,0.0,1.0,0.0
Page Info Window,0.0,0.0,0.8636363636363636,0.13636363636363635
Page Layout,0.0,0.0,1.0,0.0
Pages & Content,0.0,0.3333333333333333,0.6666666666666666,0.0
Palm Sync,0.0,0.0,1.0,0.0
Pan and Zoom,0.0,0.0,1.0,0.0
Panning and Zooming,0.015100671140939598,0.10234899328859061,0.802013422818792,0.08053691275167785
Panning/Zooming,0.0,0.0,1.0,0.0
Panorama,0.0,0.0,1.0,0.0
Password Manager,0.011235955056179775,0.056179775280898875,0.8202247191011236,0.11235955056179775
Password Manager: Site Compatibility,0.0,0.018867924528301886,0.660377358490566,0.32075471698113206
Passwords & Permissions,0.23809523809523808,0.047619047619047616,0.7142857142857143,0.0
Payments/Refunds,0.0,0.0,1.0,0.0
PerLDAP,0.0,0.0,1.0,0.0
PerfCompare,0.0,0.16129032258064516,0.7580645161290323,0.08064516129032258
Perfherder,0.05660377358490566,0.0,0.9433962264150944,0.0
Performance,0.002881844380403458,0.11527377521613832,0.7550432276657061,0.12680115273775217
Performance Monitoring,0.0,0.1,0.5333333333333333,0.36666666666666664
Performance Tools (Profiler/Timeline),0.01282051282051282,0.01282051282051282,0.7307692307692307,0.24358974358974358
Performance: General,0.0,0.0684931506849315,0.726027397260274,0.2054794520547945
Performance: Navigation,0.0,0.0,1.0,0.0
Performance: Responsiveness,0.0,0.0,1.0,0.0
Permission Manager,0.04,0.04,0.88,0.04
Phabricator,0.0,0.1111111111111111,0.8888888888888888,0.0
Phabricator Integration,0.0,0.25,0.75,0.0
Picture-in-Picture,0.0,0.0847457627118644,0.6186440677966102,0.2966101694915254
Pioneer,0.0,0.0,1.0,0.0
Places,0.013100436681222707,0.048034934497816595,0.8209606986899564,0.11790393013100436
Plug-ins,0.13274336283185842,0.061946902654867256,0.8053097345132744,0.0
Plugin Finder Service,0.0,0.3333333333333333,0.6666666666666666,0.0
Plugins,0.0,0.0,1.0,0.0
Pocket,0.08,0.08,0.68,0.16
Pontoon,0.0,0.0,1.0,0.0
PopupNotifications and Notification Bars,0.0,0.46153846153846156,0.3076923076923077,0.23076923076923078
Post-Processing,0.0,0.0,0.0,1.0
Preferences,0.03508771929824561,0.03508771929824561,0.8245614035087719,0.10526315789473684
Preferences: Backend,0.016666666666666666,0.06666666666666667,0.8666666666666667,0.05
Presto,0.0,0.0,1.0,0.0
Print Preview,0.034482758620689655,0.20689655172413793,0.7241379310344828,0.034482758620689655
Printing,0.03571428571428571,0.19642857142857142,0.5714285714285714,0.19642857142857142
Printing: Output,0.07947019867549669,0.2582781456953642,0.6423841059602649,0.019867549668874173
Printing: Setup,0.0,0.19047619047619047,0.7857142857142857,0.023809523809523808
Privacy,0.017857142857142856,0.32142857142857145,0.5535714285714286,0.10714285714285714
Privacy: Anti-Tracking,0.0076726342710997444,0.09462915601023018,0.7672634271099744,0.13043478260869565
Privacy: Site Reports,0.0,0.42483660130718953,0.5098039215686274,0.06535947712418301
Private Browsing,0.028985507246376812,0.08695652173913043,0.6811594202898551,0.2028985507246377
Processor,0.0,0.0,1.0,0.0
Product Details,0.0,0.0,1.0,0.0
Profile Backup,0.0,0.05,0.2,0.75
Profile Migration,0.0,0.0,1.0,0.0
Profile: BackEnd,0.16,0.12,0.68,0.04
Profile: Migration,0.125,0.0,0.875,0.0
Project Request,0.0,0.06896551724137931,0.9310344827586207,0.0
Project Tracking,0.0,0.0,1.0,0.0
Protections UI,0.014925373134328358,0.014925373134328358,0.8731343283582089,0.09701492537313433
Provider: CalDAV,0.25,0.25,0.375,0.125
Provider: GData,0.5,0.0,0.5,0.0
Provider: ICS/WebDAV,0.2,0.2,0.4,0.2
Provider: Local Storage,0.0,0.0,1.0,0.0
Provider: WCAP,0.0,0.0,1.0,0.0
Proxy ACL Request,0.0,0.0,1.0,0.0
Public Pages,0.0,0.0,1.0,0.0
Pulse,0.0,0.0,1.0,0.0
Push,0.0,0.6666666666666666,0.3333333333333333,0.0
Push Health,0.0,0.0,1.0,0.0
Python Test,0.0,0.25,0.5,0.25
QA: Test Automation,1.0,0.0,0.0,0.0
QR,0.0,0.4,0.6,0.0
Query/Bug List,0.0,0.0,0.9230769230769231,0.07692307692307693
Questions,0.0,0.0,1.0,0.0
RDF,0.16666666666666666,0.16666666666666666,0.6666666666666666,0.0
RIL,0.0,0.0,1.0,0.0
RSS Discovery and Preview,0.0,0.0,1.0,0.0
RTSP,1.0,0.0,0.0,0.0
Raptor,0.012066365007541479,0.1583710407239819,0.7073906485671192,0.12217194570135746
Reader Mode,0.0,0.04477611940298507,0.6417910447761194,0.31343283582089554
Reader View,0.0,0.0,1.0,0.0
Reading List,0.0,0.0,1.0,0.0
Reftest,0.0,0.0,0.7777777777777778,0.2222222222222222
RelOps: General,0.0625,0.0,0.8125,0.125
RelOps: Hardware,0.0,0.0,1.0,0.0
RelOps: OpenCloudConfig,0.0,0.0,1.0,0.0
RelOps: Posix OS,0.0,0.0,1.0,0.0
RelOps: Puppet,0.0,0.0,1.0,0.0
RelOps: Windows OS,0.0,0.0,1.0,0.0
Release Automation,0.05555555555555555,0.12962962962962962,0.6851851851851852,0.12962962962962962
Release Automation: Snap,0.0,0.0,0.8,0.2
Release Engineering,0.21212121212121213,0.06060606060606061,0.7272727272727273,0.0
Release Requests,0.0,0.1111111111111111,0.8888888888888888,0.0
Remote Settings Client,0.021739130434782608,0.15217391304347827,0.782608695652174,0.043478260869565216
Reporter,0.0,0.0,1.0,0.0
Repository Account Requests,0.0,0.0,1.0,0.0
Request Handling,0.02127659574468085,0.1276595744680851,0.7872340425531915,0.06382978723404255
Responsive Design Mode,0.0,0.012658227848101266,0.8860759493670886,0.10126582278481013
Review,0.0,0.0,1.0,0.0
Rollouts,0.0,0.0,1.0,0.0
Runtime,0.0,0.0,1.0,0.0
SQLite and Embedded Database Bindings,0.03076923076923077,0.0,0.9230769230769231,0.046153846153846156
SRE,0.0,0.0,1.0,0.0
SSL Certificates,0.0,0.0,1.0,0.0
SSO: Issues,0.0,0.0,1.0,0.0
SVG,0.017857142857142856,0.04081632653061224,0.8061224489795918,0.13520408163265307
Safe Browsing,0.0273972602739726,0.0410958904109589,0.8904109589041096,0.0410958904109589
Sandboxing,0.0,0.03125,0.875,0.09375
Sanitizers,0.0,0.0,0.3333333333333333,0.6666666666666666
Scratchpad,0.0,0.0,1.0,0.0
Screen Sharing Whitelist,0.0,0.0,1.0,0.0
Screencasting,0.0,0.0,1.0,0.0
Screenshots,0.0,0.07692307692307693,0.6666666666666666,0.2564102564102564
Search,0.00796812749003984,0.10956175298804781,0.6932270916334662,0.1892430278884462
Searchfox,0.0,0.0,0.76,0.24
Security,0.023809523809523808,0.07936507936507936,0.8452380952380952,0.051587301587301584
Security Assurance,1.0,0.0,0.0,0.0
Security Assurance: Review Request,0.0,0.0,1.0,0.0
"Security Block-lists, Allow-lists, and other State",0.0,0.0,1.0,0.0
Security: CAPS,0.1,0.05,0.85,0.0
Security: General,0.0,0.0,1.0,0.0
Security: OTR,0.0,0.0,1.0,0.0
Security: OpenPGP,0.043478260869565216,0.41304347826086957,0.30434782608695654,0.2391304347826087
Security: PSM,0.033210332103321034,0.1070110701107011,0.6678966789667896,0.1918819188191882
Security: Process Sandboxing,0.02127659574468085,0.08156028368794327,0.6347517730496454,0.2624113475177305
Security: RLBox,0.0,0.2777777777777778,0.05555555555555555,0.6666666666666666
Security: Review Requests,0.0,0.0,1.0,0.0
Security: S/MIME,0.0,0.25,0.6875,0.0625
Security: UI,0.0625,0.125,0.8125,0.0
Server Operations,0.25,0.25,0.5,0.0
Server: Firefox Accounts,0.0,0.0,1.0,0.0
Server: Location,0.0,0.0,1.0,0.0
Server: Remote Settings,0.0,0.0,1.0,0.0
Server: Shavar,0.0,0.0,1.0,0.0
Server: Sync,0.0,0.0,1.0,0.0
Services,0.011764705882352941,0.0,0.9882352941176471,0.0
Session Restore,0.02,0.13,0.745,0.105
Settings,0.0,0.23529411764705882,0.5882352941176471,0.17647058823529413
Settings UI,0.008902077151335312,0.05341246290801187,0.7299703264094956,0.20771513353115728
Settings and Preferences,0.0,0.0,1.0,0.0
Share,0.0,0.6666666666666666,0.3333333333333333,0.0
Shared Components,0.0,0.0,1.0,0.0
Shell Integration,0.0,0.11510791366906475,0.7482014388489209,0.1366906474820144
Shield Study,0.0,0.13043478260869565,0.8695652173913043,0.0
Shopping,0.004098360655737705,0.20491803278688525,0.6516393442622951,0.13934426229508196
Shumway,0.0,0.0,1.0,0.0
Sidebar,0.01968503937007874,0.08267716535433071,0.6062992125984252,0.29133858267716534
Signature,0.0,0.0,1.0,0.0
Simple MAPI,0.0,0.0,1.0,0.0
Simulator,0.0,0.0,1.0,0.0
Sisyphus,0.0,0.0,1.0,0.0
Site Identity,0.007633587786259542,0.03816793893129771,0.8625954198473282,0.0916030534351145
Site Permissions,0.014705882352941176,0.16176470588235295,0.6911764705882353,0.1323529411764706
Site Reports,0.013966480446927373,0.5083798882681564,0.33519553072625696,0.1424581005586592
Skinability,0.0,0.0,1.0,0.0
SocialAPI,0.0,0.0,1.0,0.0
Source Code Analysis,0.0,0.015151515151515152,0.8181818181818182,0.16666666666666666
Source Documentation,0.0,0.05,0.55,0.4
Source Editor,0.0,0.0,1.0,0.0
Spelling Checker: en-US Dictionary,0.0,0.0,1.0,0.0
Spelling checker,0.0196078431372549,0.19607843137254902,0.6274509803921569,0.1568627450980392
Splinter,0.0,0.0,1.0,0.0
Stability,1.0,0.0,0.0,0.0
Startup & Profiles,0.0,0.3,0.5,0.2
Startup and Profile System,0.02247191011235955,0.4344569288389513,0.4157303370786517,0.12734082397003746
Storage,0.0,0.043478260869565216,0.8260869565217391,0.13043478260869565
Storage Inspector,0.0,0.0,0.8181818181818182,0.18181818181818182
Storage: Bucket File System,0.0,0.06666666666666667,0.9333333333333333,0.0
Storage: Cache API,0.0,0.034482758620689655,0.7931034482758621,0.1724137931034483
Storage: IndexedDB,0.024691358024691357,0.04938271604938271,0.7839506172839507,0.1419753086419753
Storage: Quota Manager,0.0049261083743842365,0.06403940886699508,0.8472906403940886,0.08374384236453201
Storage: StorageManager,0.0,0.0,0.8333333333333334,0.16666666666666666
Storage: localStorage & sessionStorage,0.11688311688311688,0.1038961038961039,0.7662337662337663,0.012987012987012988
String,0.0,0.0,0.0,1.0
Style Editor,0.0,0.0,0.8,0.2
Suggest,0.0,0.6,0.4,0.0
Support,0.0,0.0,1.0,0.0
Symbols,0.0,0.0,1.0,0.0
Sync,0.015037593984962405,0.06766917293233082,0.8571428571428571,0.06015037593984962
System Add-ons: Off-train Deployment,0.0,0.0,1.0,0.0
TBPL,0.0,0.3333333333333333,0.6666666666666666,0.0
Tabbed Browser,0.0031007751937984496,0.10697674418604651,0.703875968992248,0.18604651162790697
Tabs,0.0,0.1440677966101695,0.711864406779661,0.1440677966101695
Talos,0.0,0.07692307692307693,0.7692307692307693,0.15384615384615385
Task Configuration,0.04316546762589928,0.06474820143884892,0.6079136690647482,0.2841726618705036
Tasks,0.0,0.0,1.0,0.0
Telemetry,0.013440860215053764,0.021505376344086023,0.7123655913978495,0.25268817204301075
Test,0.0,0.047619047619047616,0.47619047619047616,0.47619047619047616
Test Pilot,1.0,0.0,0.0,0.0
Testing,0.02702702702702703,0.0,0.972972972972973,0.0
Testing Infrastructure,0.0,0.125,0.5833333333333334,0.2916666666666667
Tests,0.0,0.0,1.0,0.0
Text Selection,0.0,0.0,1.0,0.0
Theme,0.0035460992907801418,0.06560283687943262,0.7677304964539007,0.16312056737588654
Theme & Visual Design,0.0,0.0,1.0,0.0
Theme and Visual Design,0.125,0.0,0.875,0.0
Themes,0.0,0.08275862068965517,0.7517241379310344,0.16551724137931034
Third Party Packaging,0.018518518518518517,0.037037037037037035,0.12962962962962962,0.8148148148148148
Tiles,0.0,0.0,1.0,0.0
Tiles: Data Processing,0.0,0.0,1.0,0.0
Tinderbox,0.0,0.0,1.0,0.0
Toolbar,0.006153846153846154,0.1723076923076923,0.6276923076923077,0.19384615384615383
Toolbars and Customization,0.0038461538461538464,0.06153846153846154,0.7923076923076923,0.1423076923076923
Toolbars and Tabs,0.023255813953488372,0.023255813953488372,0.7674418604651163,0.18604651162790697
Toolbars and Toolbar Customization,0.0,0.0,1.0,0.0
Toolchains,0.0,0.00641025641025641,0.30128205128205127,0.6923076923076923
Tooling,0.0,0.13636363636363635,0.5454545454545454,0.3181818181818182
Tooling & Investigations,0.047619047619047616,0.0,0.8095238095238095,0.14285714285714285
Tools,0.0,0.0,0.5454545454545454,0.45454545454545453
Top Sites,0.15384615384615385,0.38461538461538464,0.46153846153846156,0.0
Tours,0.0,0.07692307692307693,0.8461538461538461,0.07692307692307693
Tracking,0.0784313725490196,0.0196078431372549,0.8823529411764706,0.0196078431372549
Translations,0.0,0.08695652173913043,0.717391304347826,0.1956521739130435
Transplant,0.0,0.0,1.0,0.0
Treeherder,0.05263157894736842,0.0,0.9473684210526315,0.0
Treeherder: API,0.0,0.0,1.0,0.0
Treeherder: Data Ingestion,0.0,0.0,1.0,0.0
Treeherder: Frontend,0.0,0.0,1.0,0.0
Treeherder: Infrastructure,0.09090909090909091,0.045454545454545456,0.8636363636363636,0.0
Treeherder: SETA,0.0,0.0,1.0,0.0
Try,0.0,0.16279069767441862,0.7209302325581395,0.11627906976744186
UI,0.0,0.0,1.0,0.0
UI Design,0.07407407407407407,0.046296296296296294,0.8148148148148148,0.06481481481481481
UI Tests,0.012552301255230125,0.016736401673640166,0.29707112970711297,0.6736401673640168
UI Widgets,0.0,0.020114942528735632,0.8793103448275862,0.10057471264367816
UniFFI Bindings,0.0,0.0,0.8,0.2
Untriaged,0.012987012987012988,0.025974025974025976,0.5064935064935064,0.45454545454545453
Upload,0.0,0.0,1.0,0.0
Upstream Synchronization,0.028169014084507043,0.08450704225352113,0.15492957746478872,0.7323943661971831
User Interface,0.02247191011235955,0.033707865168539325,0.9438202247191011,0.0
User Story,0.0,0.0,1.0,0.0
User management,0.5,0.0,0.5,0.0
Users and Groups,1.0,0.0,0.0,0.0
Venkman JS Debugger,0.0,0.5,0.5,0.0
Video/Audio Controls,0.0,0.060240963855421686,0.8313253012048193,0.10843373493975904
View Source,0.0,0.0,1.0,0.0
Viewer App,0.16666666666666666,0.16666666666666666,0.6666666666666666,0.0
Virtualization,0.0,0.0,1.0,0.0
Visibility Requests,0.0,0.0,1.0,0.0
Web Analytics,0.0,0.0,1.0,0.0
Web Apps,0.0,0.0,1.0,0.0
Web Apps (PWAs),0.0,0.3333333333333333,0.6666666666666666,0.0
Web Audio,0.007936507936507936,0.07142857142857142,0.8174603174603174,0.10317460317460317
Web Audio Editor,0.0,0.0,1.0,0.0
Web Compatibility,0.0,1.0,0.0,0.0
Web Painting,0.05802047781569966,0.08191126279863481,0.8122866894197952,0.04778156996587031
Web Replay,0.047619047619047616,0.0,0.9523809523809523,0.0
Web Speech,0.0,0.125,0.875,0.0
Web Tools,0.0,0.0,1.0,0.0
WebAuthn,0.0,0.5714285714285714,0.2857142857142857,0.14285714285714285
WebDriver BiDi,0.0,0.0,0.6855345911949685,0.31446540880503143
WebExtensions,0.0,0.25,0.46153846153846156,0.28846153846153844
WebGL Shader Editor,0.0,0.0,1.0,0.0
WebIDE,0.0,0.0,1.0,0.0
WebOps: Other,0.0,0.0,1.0,0.0
WebPayments UI,0.14285714285714285,0.0,0.8571428571428571,0.0
WebQA,0.0,0.0,1.0,0.0
WebRTC,0.024793388429752067,0.1349862258953168,0.7024793388429752,0.13774104683195593
WebRTC: Audio/Video,0.047619047619047616,0.14285714285714285,0.6398809523809523,0.16964285714285715
WebRTC: Networking,0.05263157894736842,0.21052631578947367,0.6842105263157895,0.05263157894736842
WebRTC: Signaling,0.015037593984962405,0.18796992481203006,0.7368421052631579,0.06015037593984962
WebVR,0.08,0.04,0.8266666666666667,0.05333333333333334
Webapp,0.02702702702702703,0.0,0.972972972972973,0.0
Webapp Runtime,0.0,0.0,1.0,0.0
Webext Storage,0.0,0.0,1.0,0.0
Website,0.0,0.0,1.0,0.0
What's New,0.0,0.0,1.0,0.0
Widget,0.02531645569620253,0.08860759493670886,0.6835443037974683,0.20253164556962025
Widget: Android,0.25,0.0,0.75,0.0
Widget: BeOS,0.5,0.0,0.5,0.0
Widget: Cocoa,0.040268456375838924,0.12751677852348994,0.7919463087248322,0.040268456375838924
Widget: Gonk,0.0,0.0,1.0,0.0
Widget: Gtk,0.008902077151335312,0.12759643916913946,0.7507418397626113,0.11275964391691394
Widget: Mac,0.0,0.0,1.0,0.0
Widget: Win32,0.018115942028985508,0.12681159420289856,0.7318840579710145,0.12318840579710146
Widget: WinRT,0.0,0.0,1.0,0.0
Wiki pages,0.0,0.0,1.0,0.0
Window Management,0.058823529411764705,0.058823529411764705,0.8235294117647058,0.058823529411764705
Workers,0.0,0.024390243902439025,0.9512195121951219,0.024390243902439025
X-remote,0.0,0.0,1.0,0.0
XBL,0.03225806451612903,0.03225806451612903,0.9032258064516129,0.03225806451612903
XForms,0.0,0.0,1.0,0.0
XML,0.15,0.275,0.475,0.1
XMPP,0.5,0.0,0.5,0.0
XPCOM,0.021021021021021023,0.08408408408408409,0.8078078078078078,0.08708708708708708
XPCShell Harness,0.0,0.05263157894736842,0.7368421052631579,0.21052631578947367
XPConnect,0.03496503496503497,0.055944055944055944,0.8811188811188811,0.027972027972027972
XSLT,0.0,0.47619047619047616,0.42857142857142855,0.09523809523809523
XUL,0.1072463768115942,0.07536231884057971,0.7739130434782608,0.043478260869565216
XUL Replacements,0.0,0.0,1.0,0.0
XULRunner,0.0,0.0,1.0,0.0
about:debugging,0.0,0.027777777777777776,0.8888888888888888,0.08333333333333333
about:logins,0.0,0.027777777777777776,0.8333333333333334,0.1388888888888889
about:memory,0.0,0.0,0.875,0.125
air.mozilla.com,0.0,0.0,1.0,0.0
bugzilla.org,0.0,0.0,1.0,0.0
compare-locales,0.0,0.0,1.0,0.0
cs / Czech,0.0,0.0,1.0,0.0
de / German,0.0,0.0,0.8333333333333334,0.16666666666666666
es-AR / Spanish (Argentina),0.0,0.0,1.0,0.0
external-media-tests,0.0,0.0,1.0,0.0
fr / French,0.0,0.0,1.0,0.0
geckodriver,0.00909090909090909,0.03636363636363636,0.9363636363636364,0.01818181818181818
getpocket.com,0.0,0.0,1.0,0.0
he / Hebrew,0.0,0.0,1.0,0.0
irlpodcast.org,0.0,0.0,1.0,0.0
ja / Japanese,0.0,0.0,1.0,0.0
js-ctypes,0.0,0.0,1.0,0.0
lt / Lithuanian,0.0,0.0,1.0,0.0
moz-phab,0.0,0.034482758620689655,0.9655172413793104,0.0
mozglue,0.05,0.075,0.6,0.275
mozperftest,0.007142857142857143,0.20714285714285716,0.6,0.18571428571428572
mozregression,0.04,0.12,0.84,0.0
mozscreenshots,0.0,0.0,0.3333333333333333,0.6666666666666666
paste.mozilla.org,0.0,0.0,1.0,0.0
planet.mozilla.org,0.0,0.0,1.0,0.0
pt-BR / Portuguese (Brazil),0.0,0.0,1.0,0.0
reps.mozilla.org,0.0,0.25,0.75,0.0
ro / Romanian,0.0,0.0,1.0,0.0
sv-SE / Swedish,0.0,0.0,1.0,0.0
tl / Tagalog,0.0,0.0,1.0,0.0
trs / Triqui,0.0,0.0,1.0,0.0
web-platform-tests,0.002544529262086514,0.005089058524173028,0.7150127226463104,0.27735368956743
wiki.mozilla.org,0.0,0.0,1.0,0.0
