product,-1,0,1,2,3,4,5,6,7,8,9,10,11,12,13,14,15,16,17,18,19,20,21,22,23,24,25,26,27,28,29,30,31,32,33,34,35,36,37,38,39,40,41,42,43,44,45,46,47,48,49,50,51,52,53,54,55,56,57,58,59,60,61,62,63,64,65,66,67,68,69,70,71,72,73,74,75,76,77,78,79,80,81,82,83,84,85,86,87,88,89,90,91,92,93,94,95
Add-on SDK Graveyard,0.8888888888888888,0.0,0.0,0.0,0.0,0.0,0.0,0.0,0.0,0.0,0.0,0.0,0.0,0.0,0.0,0.0,0.0,0.0,0.0,0.0,0.0,0.0,0.0,0.0,0.0,0.0,0.0,0.0,0.0,0.07407407407407407,0.0,0.0,0.0,0.0,0.0,0.0,0.0,0.0,0.0,0.0,0.0,0.0,0.0,0.0,0.0,0.0,0.0,0.0,0.0,0.0,0.0,0.0,0.0,0.0,0.0,0.0,0.0,0.0,0.0,0.0,0.0,0.0,0.0,0.0,0.0,0.0,0.0,0.0,0.0,0.0,0.0,0.0,0.0,0.0,0.0,0.0,0.0,0.0,0.0,0.0,0.0,0.0,0.0,0.0,0.0,0.037037037037037035,0.0,0.0,0.0,0.0,0.0,0.0,0.0,0.0,0.0,0.0,0.0
Application Services,0.6956521739130435,0.0,0.0,0.0,0.0,0.0,0.0,0.0,0.0,0.0,0.021739130434782608,0.0,0.0,0.0,0.0,0.0,0.0,0.0,0.0,0.0,0.0,0.0,0.0,0.0,0.0,0.0,0.021739130434782608,0.0,0.0,0.0,0.0,0.0,0.0,0.0,0.0,0.0,0.0,0.0,0.0,0.0,0.021739130434782608,0.021739130434782608,0.0,0.0,0.0,0.0,0.0,0.0,0.0,0.021739130434782608,0.0,0.0,0.0,0.0,0.043478260869565216,0.0,0.0,0.0,0.0,0.0,0.0,0.0,0.0,0.0,0.0,0.0,0.08695652173913043,0.0,0.0,0.0,0.0,0.0,0.0,0.0,0.0,0.0,0.0,0.0,0.0,0.0,0.0,0.0,0.0,0.021739130434782608,0.0,0.0,0.0,0.0,0.0,0.0,0.0,0.0,0.0,0.021739130434782608,0.021739130434782608,0.0,0.0
B2GDroid Graveyard,1.0,0.0,0.0,0.0,0.0,0.0,0.0,0.0,0.0,0.0,0.0,0.0,0.0,0.0,0.0,0.0,0.0,0.0,0.0,0.0,0.0,0.0,0.0,0.0,0.0,0.0,0.0,0.0,0.0,0.0,0.0,0.0,0.0,0.0,0.0,0.0,0.0,0.0,0.0,0.0,0.0,0.0,0.0,0.0,0.0,0.0,0.0,0.0,0.0,0.0,0.0,0.0,0.0,0.0,0.0,0.0,0.0,0.0,0.0,0.0,0.0,0.0,0.0,0.0,0.0,0.0,0.0,0.0,0.0,0.0,0.0,0.0,0.0,0.0,0.0,0.0,0.0,0.0,0.0,0.0,0.0,0.0,0.0,0.0,0.0,0.0,0.0,0.0,0.0,0.0,0.0,0.0,0.0,0.0,0.0,0.0,0.0
Bugzilla,0.390625,0.0,0.0,0.0,0.0,0.0,0.0,0.0,0.0,0.0,0.0,0.0,0.0,0.0,0.0,0.015625,0.0,0.0,0.0,0.0,0.0,0.0,0.0,0.0,0.015625,0.0,0.0,0.0,0.0,0.0,0.0,0.0,0.015625,0.0,0.0,0.0,0.0,0.0,0.0,0.0,0.0,0.421875,0.0,0.0,0.0,0.0,0.0,0.0,0.0,0.0,0.0,0.0,0.0,0.0,0.03125,0.0,0.0,0.0,0.0,0.0,0.0,0.0,0.0,0.0,0.0,0.0,0.0,0.0,0.0,0.0,0.0,0.0,0.0,0.0,0.0,0.0,0.0,0.0,0.0,0.0,0.0,0.09375,0.0,0.0,0.0,0.015625,0.0,0.0,0.0,0.0,0.0,0.0,0.0,0.0,0.0,0.0,0.0
CA Program,0.10982658959537572,0.0,0.0,0.0,0.0,0.005780346820809248,0.0,0.0,0.0,0.0,0.0,0.0,0.0,0.0,0.0,0.0,0.0,0.0,0.0,0.0,0.0,0.0,0.0,0.0,0.0,0.0,0.0,0.0,0.0,0.0,0.0,0.0,0.0,0.0,0.8728323699421965,0.0,0.0,0.0,0.0,0.005780346820809248,0.0,0.0,0.0,0.0,0.0,0.0,0.0,0.0,0.0,0.0,0.0,0.0,0.0,0.0,0.005780346820809248,0.0,0.0,0.0,0.0,0.0,0.0,0.0,0.0,0.0,0.0,0.0,0.0,0.0,0.0,0.0,0.0,0.0,0.0,0.0,0.0,0.0,0.0,0.0,0.0,0.0,0.0,0.0,0.0,0.0,0.0,0.0,0.0,0.0,0.0,0.0,0.0,0.0,0.0,0.0,0.0,0.0,0.0
CCK Graveyard,0.9444444444444444,0.0,0.0,0.0,0.0,0.0,0.0,0.0,0.0,0.0,0.0,0.0,0.0,0.0,0.0,0.0,0.0,0.0,0.0,0.0,0.0,0.0,0.0,0.0,0.0,0.0,0.0,0.0,0.0,0.0,0.0,0.0,0.0,0.0,0.0,0.0,0.0,0.0,0.0,0.0,0.0,0.0,0.0,0.0,0.0,0.0,0.0,0.0,0.0,0.0,0.0,0.0,0.0,0.0,0.0,0.0,0.0,0.0,0.0,0.0,0.0,0.0,0.0,0.0,0.0,0.0,0.0,0.0,0.0,0.0,0.0,0.0,0.0,0.0,0.0,0.0,0.0,0.0,0.0,0.0,0.0,0.0,0.0,0.0,0.0,0.0,0.0,0.0,0.0,0.0,0.05555555555555555,0.0,0.0,0.0,0.0,0.0,0.0
Calendar,0.3888888888888889,0.0,0.012345679012345678,0.0,0.0,0.0,0.0,0.12962962962962962,0.0,0.0,0.0,0.0,0.0,0.0,0.0,0.0,0.0,0.0,0.0,0.0,0.0,0.0,0.0,0.0,0.19753086419753085,0.0,0.0,0.0,0.012345679012345678,0.006172839506172839,0.0,0.0,0.0,0.0,0.006172839506172839,0.006172839506172839,0.006172839506172839,0.0,0.0,0.0,0.0,0.012345679012345678,0.0,0.006172839506172839,0.0,0.0,0.0,0.0,0.0,0.006172839506172839,0.0,0.0,0.0,0.006172839506172839,0.12345679012345678,0.0,0.0,0.0,0.0,0.0,0.0,0.0,0.0,0.0,0.0,0.012345679012345678,0.0,0.0,0.0,0.0,0.0,0.0,0.0,0.0,0.0,0.006172839506172839,0.006172839506172839,0.0,0.0,0.0,0.0,0.006172839506172839,0.0,0.0,0.0,0.018518518518518517,0.0,0.0,0.0,0.006172839506172839,0.018518518518518517,0.0,0.006172839506172839,0.0,0.0,0.0,0.0
Camino Graveyard,0.375,0.0,0.0,0.0,0.0,0.0,0.0,0.0,0.0,0.0,0.0,0.0,0.0,0.0,0.0,0.0,0.0,0.0,0.0,0.0,0.0,0.0,0.0,0.0,0.0,0.0,0.0,0.0,0.0,0.0,0.0,0.0,0.0,0.0,0.0,0.0,0.0,0.0,0.0,0.0,0.0,0.125,0.0,0.0,0.0,0.0,0.0,0.0,0.0,0.0,0.0,0.0,0.0,0.0,0.0,0.0,0.0,0.0,0.125,0.0,0.0,0.0,0.0,0.0,0.0,0.0,0.0,0.0,0.125,0.0,0.0,0.0,0.0,0.0,0.0,0.125,0.125,0.0,0.0,0.0,0.0,0.0,0.0,0.0,0.0,0.0,0.0,0.0,0.0,0.0,0.0,0.0,0.0,0.0,0.0,0.0,0.0
Chat Core,0.6206896551724138,0.0,0.0,0.0,0.0,0.0,0.0,0.0,0.0,0.0,0.034482758620689655,0.0,0.0,0.0,0.0,0.0,0.0,0.0,0.0,0.0,0.0,0.0,0.0,0.0,0.20689655172413793,0.0,0.0,0.0,0.0,0.0,0.0,0.0,0.0,0.0,0.0,0.0,0.0,0.0,0.0,0.0,0.0,0.034482758620689655,0.0,0.0,0.0,0.0,0.0,0.0,0.0,0.034482758620689655,0.0,0.0,0.0,0.0,0.034482758620689655,0.0,0.0,0.0,0.0,0.0,0.0,0.0,0.0,0.0,0.0,0.0,0.0,0.0,0.0,0.0,0.0,0.0,0.034482758620689655,0.0,0.0,0.0,0.0,0.0,0.0,0.0,0.0,0.0,0.0,0.0,0.0,0.0,0.0,0.0,0.0,0.0,0.0,0.0,0.0,0.0,0.0,0.0,0.0
Cloud Services,0.7172774869109948,0.0,0.0,0.0,0.0,0.0,0.0,0.0,0.0,0.0,0.0,0.0,0.0,0.0,0.0,0.041884816753926704,0.0,0.0,0.0,0.0,0.0,0.0,0.0,0.0,0.005235602094240838,0.0,0.0,0.0,0.005235602094240838,0.0,0.005235602094240838,0.005235602094240838,0.0,0.010471204188481676,0.015706806282722512,0.010471204188481676,0.020942408376963352,0.0,0.0,0.0,0.005235602094240838,0.031413612565445025,0.020942408376963352,0.0,0.0,0.0,0.0,0.005235602094240838,0.04712041884816754,0.005235602094240838,0.0,0.0,0.0,0.0,0.02617801047120419,0.005235602094240838,0.0,0.0,0.0,0.0,0.0,0.0,0.0,0.0,0.0,0.0,0.0,0.0,0.0,0.005235602094240838,0.0,0.0,0.0,0.0,0.0,0.0,0.0,0.0,0.0,0.0,0.0,0.0,0.0,0.005235602094240838,0.005235602094240838,0.0,0.0,0.0,0.0,0.0,0.0,0.0,0.0,0.0,0.0,0.0,0.0
Cloud Services Graveyard,0.8,0.0,0.0,0.0,0.0,0.0,0.0,0.0,0.0,0.0,0.0,0.0,0.0,0.0,0.0,0.0,0.0,0.0,0.0,0.0,0.0,0.0,0.0,0.0,0.0,0.0,0.0,0.0,0.0,0.0,0.0,0.0,0.0,0.0,0.2,0.0,0.0,0.0,0.0,0.0,0.0,0.0,0.0,0.0,0.0,0.0,0.0,0.0,0.0,0.0,0.0,0.0,0.0,0.0,0.0,0.0,0.0,0.0,0.0,0.0,0.0,0.0,0.0,0.0,0.0,0.0,0.0,0.0,0.0,0.0,0.0,0.0,0.0,0.0,0.0,0.0,0.0,0.0,0.0,0.0,0.0,0.0,0.0,0.0,0.0,0.0,0.0,0.0,0.0,0.0,0.0,0.0,0.0,0.0,0.0,0.0,0.0
Community Building,1.0,0.0,0.0,0.0,0.0,0.0,0.0,0.0,0.0,0.0,0.0,0.0,0.0,0.0,0.0,0.0,0.0,0.0,0.0,0.0,0.0,0.0,0.0,0.0,0.0,0.0,0.0,0.0,0.0,0.0,0.0,0.0,0.0,0.0,0.0,0.0,0.0,0.0,0.0,0.0,0.0,0.0,0.0,0.0,0.0,0.0,0.0,0.0,0.0,0.0,0.0,0.0,0.0,0.0,0.0,0.0,0.0,0.0,0.0,0.0,0.0,0.0,0.0,0.0,0.0,0.0,0.0,0.0,0.0,0.0,0.0,0.0,0.0,0.0,0.0,0.0,0.0,0.0,0.0,0.0,0.0,0.0,0.0,0.0,0.0,0.0,0.0,0.0,0.0,0.0,0.0,0.0,0.0,0.0,0.0,0.0,0.0
Conduit,0.6842105263157895,0.0,0.0,0.0,0.0,0.0,0.013157894736842105,0.0,0.0,0.0,0.0,0.0,0.0,0.0,0.0,0.013157894736842105,0.0,0.0,0.0,0.0,0.0,0.0,0.0,0.0,0.0,0.013157894736842105,0.0,0.0,0.0,0.0,0.0,0.0,0.0,0.0,0.013157894736842105,0.0,0.0,0.0,0.0,0.0,0.0,0.06578947368421052,0.0,0.0,0.0,0.0,0.0,0.0,0.0,0.0,0.0,0.0,0.0,0.0,0.013157894736842105,0.0,0.0,0.013157894736842105,0.0,0.10526315789473684,0.05263157894736842,0.0,0.0,0.0,0.0,0.0,0.0,0.0,0.0,0.0,0.0,0.0,0.0,0.0,0.0,0.0,0.0,0.0,0.0,0.0,0.0,0.0,0.013157894736842105,0.0,0.0,0.0,0.0,0.0,0.0,0.0,0.0,0.0,0.0,0.0,0.0,0.0,0.0
Conduit Graveyard,1.0,0.0,0.0,0.0,0.0,0.0,0.0,0.0,0.0,0.0,0.0,0.0,0.0,0.0,0.0,0.0,0.0,0.0,0.0,0.0,0.0,0.0,0.0,0.0,0.0,0.0,0.0,0.0,0.0,0.0,0.0,0.0,0.0,0.0,0.0,0.0,0.0,0.0,0.0,0.0,0.0,0.0,0.0,0.0,0.0,0.0,0.0,0.0,0.0,0.0,0.0,0.0,0.0,0.0,0.0,0.0,0.0,0.0,0.0,0.0,0.0,0.0,0.0,0.0,0.0,0.0,0.0,0.0,0.0,0.0,0.0,0.0,0.0,0.0,0.0,0.0,0.0,0.0,0.0,0.0,0.0,0.0,0.0,0.0,0.0,0.0,0.0,0.0,0.0,0.0,0.0,0.0,0.0,0.0,0.0,0.0,0.0
Content Services Graveyard,0.7142857142857143,0.0,0.0,0.0,0.0,0.0,0.0,0.0,0.0,0.0,0.0,0.0,0.0,0.0,0.0,0.0,0.0,0.0,0.0,0.0,0.0,0.0,0.0,0.0,0.0,0.0,0.0,0.0,0.0,0.0,0.0,0.0,0.0,0.0,0.0,0.0,0.0,0.0,0.0,0.0,0.0,0.14285714285714285,0.0,0.0,0.0,0.0,0.0,0.0,0.0,0.0,0.0,0.0,0.0,0.0,0.0,0.0,0.0,0.0,0.0,0.0,0.0,0.0,0.0,0.0,0.0,0.0,0.0,0.0,0.0,0.0,0.0,0.0,0.0,0.0,0.0,0.0,0.0,0.0,0.0,0.0,0.0,0.0,0.0,0.0,0.0,0.0,0.0,0.0,0.0,0.0,0.0,0.0,0.0,0.0,0.14285714285714285,0.0,0.0
Core,0.5452873065685532,0.006579374526566389,0.0003462828698192836,0.021058327020885184,0.0,0.00021642679363705227,2.1642679363705225e-05,0.0034628286981928363,6.492803809111568e-05,0.0003462828698192836,0.0015799155935504816,0.0009306352126393247,0.0016664863110053025,0.009349637485120658,0.004480034628286982,0.0007791364570933881,0.0036792554918298886,0.0016015582729141868,0.002770262958554269,0.0026404068823720375,0.00844064495184504,0.00190455578400606,0.003419543339465426,0.0006276377015474515,0.0011037766475489666,0.0001514987555459366,0.00028135483172816794,0.001991126501460881,0.01999783573206363,0.008700357104209501,0.00019478411427334703,0.0058435234282004115,0.01999783573206363,0.006233091656747105,0.00575695271074559,0.0006492803809111568,0.002597121523644627,0.0015582729141867763,0.005021101612379612,0.0016015582729141868,0.00019478411427334703,0.0023374093712801645,0.0003246401904555784,0.007683151174115356,0.009652634996212531,0.01138404934530895,0.0006925657396385672,0.005627096634563359,0.00021642679363705227,0.040255383616491724,0.0054323125202900115,0.0015366302348230711,0.008765285142300617,0.0018396277459149443,0.037463477978573745,0.009501136240666595,0.001514987555459366,0.0031598311871009633,0.0006492803809111568,0.0014717021967319555,0.00036792554918298886,0.0032896872632831946,0.007488367059842008,0.006601017205930094,0.003029975110918732,0.0006276377015474515,0.0001731414349096418,0.003051617790282437,0.004739746780651445,2.1642679363705225e-05,0.002120982577643112,0.0036792554918298886,0.018720917649605023,0.00430689319337734,0.003960610323558057,0.003917324964830646,0.004609890704469213,0.0004977816253652202,0.00025971215236446273,0.0001731414349096418,4.328535872741045e-05,0.000757493777729683,0.0006059950221837464,0.002077697218915702,0.0002380694730007575,0.0030083324315550264,0.0033113299426468998,0.01859106157342279,0.019608267503516935,0.0006492803809111568,0.0006709230602748621,0.003895682285466941,0.004566605345741803,0.0006059950221837464,0.00038956822854669407,0.01473866464668326,0.0019694838220971757
Core Graveyard,0.592326139088729,0.002398081534772182,0.04316546762589928,0.0,0.002398081534772182,0.0,0.0,0.002398081534772182,0.0,0.0,0.0,0.002398081534772182,0.002398081534772182,0.0,0.0,0.0,0.002398081534772182,0.004796163069544364,0.0,0.0,0.004796163069544364,0.0,0.0,0.0,0.0,0.0,0.0,0.002398081534772182,0.03357314148681055,0.019184652278177457,0.009592326139088728,0.002398081534772182,0.019184652278177457,0.0,0.009592326139088728,0.004796163069544364,0.0,0.0,0.0,0.002398081534772182,0.0,0.02158273381294964,0.002398081534772182,0.002398081534772182,0.002398081534772182,0.002398081534772182,0.0,0.0,0.0,0.08393285371702638,0.002398081534772182,0.0,0.002398081534772182,0.0,0.03357314148681055,0.002398081534772182,0.002398081534772182,0.009592326139088728,0.019184652278177457,0.0,0.002398081534772182,0.002398081534772182,0.0,0.0,0.0,0.0,0.0,0.004796163069544364,0.009592326139088728,0.0,0.0,0.0,0.0,0.0,0.0,0.002398081534772182,0.002398081534772182,0.0,0.0,0.002398081534772182,0.0,0.004796163069544364,0.0,0.0,0.0,0.0,0.0,0.002398081534772182,0.0,0.004796163069544364,0.007194244604316547,0.0,0.0,0.002398081534772182,0.002398081534772182,0.0,0.0
Crash Pings,0.0,0.0,0.0,0.0,0.0,0.0,0.0,0.0,0.0,0.0,0.0,0.0,0.0,0.0,0.0,0.0,0.0,0.0,0.0,0.0,0.0,0.0,0.0,0.0,0.0,0.0,0.0,0.0,0.0,0.0,0.0,0.0,0.0,0.0,0.0,0.0,0.0,0.0,0.0,0.0,0.0,0.0,0.0,0.0,0.0,0.0,0.0,0.0,0.0,1.0,0.0,0.0,0.0,0.0,0.0,0.0,0.0,0.0,0.0,0.0,0.0,0.0,0.0,0.0,0.0,0.0,0.0,0.0,0.0,0.0,0.0,0.0,0.0,0.0,0.0,0.0,0.0,0.0,0.0,0.0,0.0,0.0,0.0,0.0,0.0,0.0,0.0,0.0,0.0,0.0,0.0,0.0,0.0,0.0,0.0,0.0,0.0
Data & BI Services Team,1.0,0.0,0.0,0.0,0.0,0.0,0.0,0.0,0.0,0.0,0.0,0.0,0.0,0.0,0.0,0.0,0.0,0.0,0.0,0.0,0.0,0.0,0.0,0.0,0.0,0.0,0.0,0.0,0.0,0.0,0.0,0.0,0.0,0.0,0.0,0.0,0.0,0.0,0.0,0.0,0.0,0.0,0.0,0.0,0.0,0.0,0.0,0.0,0.0,0.0,0.0,0.0,0.0,0.0,0.0,0.0,0.0,0.0,0.0,0.0,0.0,0.0,0.0,0.0,0.0,0.0,0.0,0.0,0.0,0.0,0.0,0.0,0.0,0.0,0.0,0.0,0.0,0.0,0.0,0.0,0.0,0.0,0.0,0.0,0.0,0.0,0.0,0.0,0.0,0.0,0.0,0.0,0.0,0.0,0.0,0.0,0.0
Data Platform and Tools,0.5363128491620112,0.0,0.0,0.0,0.0,0.0,0.0,0.0013966480446927375,0.002793296089385475,0.0,0.0013966480446927375,0.0013966480446927375,0.0,0.0,0.0,0.0013966480446927375,0.0,0.0,0.0,0.0,0.0,0.0,0.0,0.0,0.0,0.0,0.0013966480446927375,0.0,0.002793296089385475,0.002793296089385475,0.0013966480446927375,0.0,0.0,0.0,0.0,0.0,0.0,0.0,0.0,0.019553072625698324,0.10195530726256984,0.004189944134078212,0.019553072625698324,0.0013966480446927375,0.0013966480446927375,0.0,0.0013966480446927375,0.0,0.00558659217877095,0.02094972067039106,0.0,0.0,0.0,0.0,0.015363128491620111,0.0,0.0,0.0013966480446927375,0.0,0.0,0.0111731843575419,0.0013966480446927375,0.0,0.0,0.0,0.0,0.0,0.0,0.0,0.0,0.0,0.0,0.0,0.0,0.0,0.0,0.0,0.0,0.0,0.0,0.0013966480446927375,0.0013966480446927375,0.002793296089385475,0.051675977653631286,0.18156424581005587,0.0013966480446927375,0.0,0.0,0.0,0.0,0.0,0.0,0.0,0.0,0.0,0.0013966480446927375,0.0
Data Platform and Tools Graveyard,0.5,0.0,0.0,0.0,0.0,0.0,0.0,0.0,0.0,0.0,0.0,0.0,0.0,0.0,0.0,0.0,0.0,0.0,0.0,0.0,0.0,0.0,0.0,0.0,0.022727272727272728,0.0,0.0,0.0,0.0,0.0,0.0,0.0,0.0,0.0,0.0,0.0,0.0,0.022727272727272728,0.0,0.0,0.0,0.0,0.0,0.022727272727272728,0.0,0.0,0.0,0.0,0.13636363636363635,0.022727272727272728,0.0,0.0,0.0,0.0,0.045454545454545456,0.0,0.0,0.0,0.0,0.0,0.022727272727272728,0.0,0.0,0.0,0.0,0.0,0.0,0.0,0.0,0.0,0.0,0.0,0.0,0.0,0.0,0.0,0.0,0.0,0.0,0.0,0.0,0.0,0.022727272727272728,0.06818181818181818,0.11363636363636363,0.0,0.0,0.0,0.0,0.0,0.0,0.0,0.0,0.0,0.0,0.0,0.0
Data Science,0.6060606060606061,0.06060606060606061,0.0,0.0,0.0,0.0,0.0,0.0,0.0,0.0,0.0,0.0,0.0,0.0,0.09090909090909091,0.0,0.0,0.0,0.0,0.0,0.0,0.0,0.0,0.0,0.0,0.0,0.0,0.0,0.0,0.015151515151515152,0.0,0.0,0.0,0.0,0.0,0.030303030303030304,0.0,0.0,0.0,0.015151515151515152,0.0,0.015151515151515152,0.015151515151515152,0.0,0.0,0.0,0.0,0.0,0.0,0.015151515151515152,0.0,0.0,0.0,0.0,0.030303030303030304,0.015151515151515152,0.0,0.0,0.0,0.0,0.0,0.0,0.0,0.0,0.0,0.0,0.015151515151515152,0.0,0.0,0.0,0.0,0.0,0.0,0.0,0.0,0.0,0.0,0.0,0.0,0.0,0.0,0.0,0.0,0.045454545454545456,0.030303030303030304,0.0,0.0,0.0,0.0,0.0,0.0,0.0,0.0,0.0,0.0,0.0,0.0
DevTools,0.6542662116040956,0.007849829351535836,0.0,0.0,0.0,0.0,0.0,0.00034129692832764505,0.0,0.00034129692832764505,0.0013651877133105802,0.0006825938566552901,0.00034129692832764505,0.0006825938566552901,0.0006825938566552901,0.0010238907849829352,0.0,0.00034129692832764505,0.00034129692832764505,0.0,0.0,0.00034129692832764505,0.0,0.00034129692832764505,0.0027303754266211604,0.0,0.0010238907849829352,0.0017064846416382253,0.0017064846416382253,0.008873720136518772,0.0017064846416382253,0.004436860068259386,0.011945392491467578,0.009215017064846417,0.0,0.00034129692832764505,0.0,0.0,0.0010238907849829352,0.0020477815699658703,0.0,0.007167235494880546,0.00034129692832764505,0.004436860068259386,0.0006825938566552901,0.0010238907849829352,0.0006825938566552901,0.0006825938566552901,0.0006825938566552901,0.0027303754266211604,0.002389078498293515,0.00034129692832764505,0.0017064846416382253,0.011604095563139932,0.10921501706484642,0.004095563139931741,0.010580204778156996,0.024914675767918087,0.0006825938566552901,0.0,0.00034129692832764505,0.0,0.0006825938566552901,0.0017064846416382253,0.0,0.0013651877133105802,0.0006825938566552901,0.0013651877133105802,0.002389078498293515,0.0,0.0020477815699658703,0.0,0.0034129692832764505,0.0010238907849829352,0.0,0.009897610921501706,0.005119453924914676,0.0,0.00034129692832764505,0.0,0.0,0.010921501706484642,0.0006825938566552901,0.00034129692832764505,0.0006825938566552901,0.0378839590443686,0.0030716723549488053,0.00034129692832764505,0.002389078498293515,0.0006825938566552901,0.006825938566552901,0.0006825938566552901,0.00034129692832764505,0.0027303754266211604,0.002389078498293515,0.0,0.0
DevTools Graveyard,0.5952380952380952,0.0,0.0,0.0,0.0,0.0,0.0,0.0,0.0,0.0,0.0,0.0,0.0,0.0,0.0,0.0,0.023809523809523808,0.0,0.0,0.0,0.07142857142857142,0.0,0.0,0.0,0.0,0.0,0.0,0.0,0.023809523809523808,0.0,0.0,0.023809523809523808,0.0,0.0,0.0,0.0,0.023809523809523808,0.0,0.0,0.0,0.023809523809523808,0.11904761904761904,0.0,0.0,0.0,0.0,0.0,0.0,0.0,0.0,0.0,0.0,0.0,0.0,0.0,0.0,0.0,0.07142857142857142,0.0,0.0,0.0,0.0,0.0,0.0,0.0,0.0,0.0,0.0,0.0,0.0,0.0,0.0,0.0,0.0,0.0,0.0,0.0,0.0,0.0,0.023809523809523808,0.0,0.0,0.0,0.0,0.0,0.0,0.0,0.0,0.0,0.0,0.0,0.0,0.0,0.0,0.0,0.0,0.0
Developer Documentation Graveyard,0.5,0.0,0.0,0.0,0.0,0.0,0.0,0.0,0.0,0.0,0.08333333333333333,0.0,0.0,0.0,0.0,0.0,0.0,0.0,0.0,0.0,0.0,0.0,0.0,0.0,0.0,0.0,0.0,0.0,0.08333333333333333,0.0,0.0,0.0,0.0,0.08333333333333333,0.0,0.0,0.0,0.0,0.0,0.0,0.0,0.0,0.0,0.0,0.0,0.0,0.0,0.0,0.0,0.0,0.0,0.0,0.0,0.0,0.0,0.0,0.0,0.0,0.0,0.0,0.0,0.0,0.0,0.0,0.0,0.08333333333333333,0.0,0.0,0.0,0.0,0.0,0.0,0.0,0.0,0.08333333333333333,0.0,0.0,0.0,0.0,0.0,0.0,0.0,0.0,0.0,0.0,0.0,0.0,0.0,0.0,0.0,0.08333333333333333,0.0,0.0,0.0,0.0,0.0,0.0
Developer Infrastructure,0.4093686354378819,0.004073319755600814,0.0,0.0,0.0,0.0,0.0,0.0,0.0,0.0,0.004073319755600814,0.0,0.0,0.0,0.0,0.010183299389002037,0.0,0.0,0.0,0.0,0.0,0.0,0.0,0.0,0.0,0.0,0.0,0.002036659877800407,0.004073319755600814,0.0,0.0,0.0,0.0,0.0,0.002036659877800407,0.0,0.002036659877800407,0.0,0.0,0.002036659877800407,0.0,0.008146639511201629,0.0,0.0,0.008146639511201629,0.002036659877800407,0.002036659877800407,0.002036659877800407,0.002036659877800407,0.002036659877800407,0.002036659877800407,0.0,0.0,0.2892057026476578,0.13441955193482688,0.002036659877800407,0.0,0.0,0.0,0.004073319755600814,0.04073319755600815,0.048879837067209775,0.0,0.0,0.0,0.0,0.0,0.0,0.0,0.0,0.006109979633401222,0.0,0.0,0.0,0.0,0.0,0.0,0.0,0.002036659877800407,0.0,0.0,0.004073319755600814,0.0,0.0,0.0,0.0,0.0,0.0,0.0,0.0,0.0,0.0,0.0,0.0,0.0,0.0,0.0
Developer Services,0.5733333333333334,0.013333333333333334,0.0,0.0,0.0,0.0,0.0,0.0,0.0,0.0,0.0,0.0,0.0,0.0,0.0,0.13333333333333333,0.0,0.0,0.0,0.0,0.0,0.0,0.0,0.0,0.0,0.0,0.0,0.0,0.013333333333333334,0.0,0.0,0.0,0.0,0.0,0.0,0.0,0.0,0.0,0.0,0.013333333333333334,0.0,0.02666666666666667,0.06666666666666667,0.0,0.013333333333333334,0.0,0.0,0.0,0.02666666666666667,0.0,0.0,0.0,0.0,0.0,0.02666666666666667,0.0,0.0,0.0,0.0,0.02666666666666667,0.05333333333333334,0.0,0.0,0.0,0.0,0.0,0.0,0.0,0.0,0.0,0.0,0.0,0.0,0.0,0.0,0.0,0.0,0.0,0.0,0.0,0.0,0.0,0.0,0.0,0.0,0.0,0.0,0.0,0.013333333333333334,0.0,0.0,0.0,0.0,0.0,0.0,0.0,0.0
Directory Graveyard,0.5,0.0,0.0,0.0,0.0,0.0,0.0,0.0,0.0,0.0,0.0,0.0,0.0,0.0,0.0,0.0,0.0,0.0,0.0,0.0,0.0,0.0,0.0,0.0,0.0,0.0,0.0,0.0,0.25,0.0,0.0,0.0,0.0,0.0,0.0,0.0,0.0,0.0,0.0,0.0,0.0,0.0,0.0,0.0,0.0,0.0,0.0,0.0,0.0,0.0,0.0,0.0,0.0,0.0,0.0,0.0,0.0,0.0,0.0,0.0,0.0,0.0,0.0,0.0,0.0,0.0,0.0,0.25,0.0,0.0,0.0,0.0,0.0,0.0,0.0,0.0,0.0,0.0,0.0,0.0,0.0,0.0,0.0,0.0,0.0,0.0,0.0,0.0,0.0,0.0,0.0,0.0,0.0,0.0,0.0,0.0,0.0
Documentation Graveyard,0.0,0.0,0.0,0.0,0.0,0.0,0.0,0.0,0.0,0.0,0.0,0.0,0.0,0.0,0.0,0.0,0.0,0.0,0.0,0.0,0.0,0.0,0.0,0.0,0.0,0.0,0.0,0.0,0.0,0.0,0.0,0.0,0.0,0.0,0.0,0.0,0.0,0.0,0.0,0.0,0.0,1.0,0.0,0.0,0.0,0.0,0.0,0.0,0.0,0.0,0.0,0.0,0.0,0.0,0.0,0.0,0.0,0.0,0.0,0.0,0.0,0.0,0.0,0.0,0.0,0.0,0.0,0.0,0.0,0.0,0.0,0.0,0.0,0.0,0.0,0.0,0.0,0.0,0.0,0.0,0.0,0.0,0.0,0.0,0.0,0.0,0.0,0.0,0.0,0.0,0.0,0.0,0.0,0.0,0.0,0.0,0.0
Eliot,0.6666666666666666,0.0,0.0,0.0,0.0,0.0,0.0,0.0,0.0,0.0,0.0,0.0,0.0,0.0,0.0,0.0,0.0,0.0,0.0,0.0,0.0,0.0,0.0,0.0,0.0,0.0,0.0,0.0,0.0,0.0,0.0,0.0,0.0,0.0,0.0,0.0,0.0,0.0,0.0,0.0,0.0,0.0,0.0,0.0,0.0,0.0,0.0,0.0,0.0,0.0,0.0,0.0,0.0,0.0,0.3333333333333333,0.0,0.0,0.0,0.0,0.0,0.0,0.0,0.0,0.0,0.0,0.0,0.0,0.0,0.0,0.0,0.0,0.0,0.0,0.0,0.0,0.0,0.0,0.0,0.0,0.0,0.0,0.0,0.0,0.0,0.0,0.0,0.0,0.0,0.0,0.0,0.0,0.0,0.0,0.0,0.0,0.0,0.0
External Software Affecting Firefox,0.16393442622950818,0.0,0.0,0.0,0.0,0.0,0.0,0.0,0.0,0.0,0.0,0.0,0.0,0.0,0.0,0.0,0.0,0.0,0.0,0.0,0.0,0.0,0.0,0.0,0.0,0.0,0.0,0.0,0.01639344262295082,0.04918032786885246,0.01639344262295082,0.0,0.0,0.01639344262295082,0.0,0.01639344262295082,0.0,0.0,0.0,0.0,0.0,0.0,0.0,0.0,0.0,0.0,0.0,0.01639344262295082,0.0,0.6885245901639344,0.0,0.0,0.0,0.0,0.01639344262295082,0.0,0.0,0.0,0.0,0.0,0.0,0.0,0.0,0.0,0.0,0.0,0.0,0.0,0.0,0.0,0.0,0.0,0.0,0.0,0.0,0.0,0.0,0.0,0.0,0.0,0.0,0.0,0.0,0.0,0.0,0.0,0.0,0.0,0.0,0.0,0.0,0.0,0.0,0.0,0.0,0.0,0.0
External Software Affecting Firefox Graveyard,0.0,0.0,0.0,0.0,0.0,0.0,0.0,0.0,0.0,0.0,0.0,0.0,0.0,0.0,0.0,0.0,0.0,0.0,0.0,0.0,0.0,0.0,0.0,0.0,0.0,0.0,0.0,0.0,0.0,0.0,0.0,0.0,0.0,0.0,0.0,0.0,1.0,0.0,0.0,0.0,0.0,0.0,0.0,0.0,0.0,0.0,0.0,0.0,0.0,0.0,0.0,0.0,0.0,0.0,0.0,0.0,0.0,0.0,0.0,0.0,0.0,0.0,0.0,0.0,0.0,0.0,0.0,0.0,0.0,0.0,0.0,0.0,0.0,0.0,0.0,0.0,0.0,0.0,0.0,0.0,0.0,0.0,0.0,0.0,0.0,0.0,0.0,0.0,0.0,0.0,0.0,0.0,0.0,0.0,0.0,0.0,0.0
Firefox,0.5784009094353922,0.004092459264873058,0.0,7.578628268283441e-05,0.012125805229253505,0.0006820765441455097,0.00030314513073133765,0.0015157256536566881,0.0,0.0032588101553618796,0.02303902993558166,0.0007578628268283441,0.0007578628268283441,0.0,7.578628268283441e-05,0.00030314513073133765,0.0,0.0011367942402425162,0.0,0.0,0.002197802197802198,0.0,0.0,0.0,0.002425161045850701,0.00037893141341417203,7.578628268283441e-05,7.578628268283441e-05,0.0017430845017051913,0.00515346722243274,0.0006062902614626753,0.003334596438044714,0.00636604774535809,0.005835543766578249,0.006138688897309587,0.0078059871163319436,0.0009094353921940128,0.0,0.0009852216748768472,0.00015157256536566882,0.00015157256536566882,0.005608184918529746,7.578628268283441e-05,0.0009852216748768472,0.0002273588480485032,0.00015157256536566882,0.0022735884804850324,0.0004547176960970064,0.0,0.004244031830238726,0.00015157256536566882,0.0005305039787798408,0.0002273588480485032,0.005987116331943918,0.04456233421750663,0.0007578628268283441,0.0009094353921940128,0.0022735884804850324,0.00841227737779462,7.578628268283441e-05,0.00037893141341417203,0.00015157256536566882,0.00037893141341417203,0.00015157256536566882,0.0,0.0011367942402425162,0.013565744600227359,0.0018188707843880257,0.0006820765441455097,0.0028798787419477075,0.00015157256536566882,7.578628268283441e-05,0.0002273588480485032,0.00015157256536566882,0.00030314513073133765,0.008109132247063281,0.0015915119363395225,0.018264494126563093,0.026600985221674877,0.01909814323607427,0.002955665024630542,0.05017051913603638,0.0023493747631678666,0.004092459264873058,0.0009094353921940128,0.02288745737021599,0.0008336491095111784,0.00030314513073133765,0.0005305039787798408,0.014323607427055704,0.016445623342175066,0.0,0.0,0.029632436528988254,0.009776430466085638,0.00015157256536566882,0.00015157256536566882
Firefox Build System,0.4793438639125152,0.013973268529769137,0.0006075334143377885,0.0,0.0,0.0,0.0,0.0,0.0,0.0006075334143377885,0.006075334143377886,0.0,0.0,0.001215066828675577,0.0006075334143377885,0.006075334143377886,0.0,0.0,0.0,0.0,0.001215066828675577,0.0,0.0006075334143377885,0.0,0.0006075334143377885,0.0018226002430133657,0.0,0.0,0.002430133657351154,0.002430133657351154,0.0006075334143377885,0.0,0.0,0.004860267314702308,0.0,0.0,0.0006075334143377885,0.0,0.0,0.0054678007290400975,0.013365735115431349,0.0018226002430133657,0.006075334143377886,0.0,0.00425273390036452,0.003037667071688943,0.0,0.0018226002430133657,0.015188335358444714,0.0054678007290400975,0.0,0.0,0.0,0.003037667071688943,0.22174969623329283,0.01275820170109356,0.0006075334143377885,0.0,0.0,0.011543134872417983,0.09659781287970838,0.07047387606318348,0.0,0.0,0.0,0.0,0.0,0.0,0.0,0.0,0.0,0.0,0.0006075334143377885,0.0,0.0,0.0,0.0,0.0,0.0,0.0,0.0,0.0,0.0006075334143377885,0.0006075334143377885,0.0006075334143377885,0.0,0.0,0.0,0.0006075334143377885,0.0,0.0,0.0,0.0,0.0,0.0,0.0,0.0
Firefox Graveyard,0.6560693641618497,0.0,0.002890173410404624,0.0,0.0,0.0,0.0,0.0,0.0,0.0,0.002890173410404624,0.0,0.0,0.0,0.0,0.0,0.0,0.0,0.0,0.0,0.002890173410404624,0.0,0.0,0.0,0.002890173410404624,0.0,0.0,0.002890173410404624,0.0,0.0,0.002890173410404624,0.0,0.0,0.008670520231213872,0.002890173410404624,0.005780346820809248,0.0,0.0,0.0,0.0,0.0,0.011560693641618497,0.0,0.0,0.0,0.0,0.0,0.0,0.0,0.0,0.0,0.0,0.0,0.0,0.028901734104046242,0.0,0.0,0.002890173410404624,0.0,0.0,0.0,0.0,0.0,0.0,0.0,0.0,0.0,0.0,0.0,0.18786127167630057,0.0,0.0,0.0,0.0,0.0,0.0,0.002890173410404624,0.0,0.002890173410404624,0.0,0.008670520231213872,0.002890173410404624,0.002890173410404624,0.008670520231213872,0.002890173410404624,0.014450867052023121,0.0,0.0,0.0,0.005780346820809248,0.02601156069364162,0.0,0.0,0.0,0.0,0.0,0.0
Firefox Health Report Graveyard,0.0,0.0,0.0,0.0,0.0,0.0,0.0,0.0,0.0,0.0,0.0,0.0,0.0,0.0,0.0,0.0,0.0,0.0,0.0,0.0,0.0,0.0,0.0,0.0,0.0,0.0,0.0,0.0,0.0,0.0,0.0,0.0,0.0,0.0,0.0,0.0,0.0,0.0,0.0,0.0,0.0,0.0,0.0,0.0,0.0,0.0,0.0,0.0,0.0,0.0,0.0,0.0,0.0,0.0,0.0,0.0,0.0,0.0,0.0,0.0,0.0,0.0,0.0,0.0,0.0,0.0,0.0,0.0,0.0,0.0,0.0,0.0,0.0,0.0,0.0,0.0,0.0,0.0,0.0,0.0,0.0,0.0,1.0,0.0,0.0,0.0,0.0,0.0,0.0,0.0,0.0,0.0,0.0,0.0,0.0,0.0,0.0
Firefox OS Graveyard,0.5676691729323309,0.015037593984962405,0.0,0.0,0.0,0.0,0.0037593984962406013,0.0,0.0,0.0,0.015037593984962405,0.0,0.0,0.0,0.0,0.0,0.0,0.007518796992481203,0.0,0.0,0.10902255639097744,0.0037593984962406013,0.0,0.0,0.015037593984962405,0.0037593984962406013,0.0,0.0,0.0037593984962406013,0.011278195488721804,0.0,0.0,0.045112781954887216,0.011278195488721804,0.007518796992481203,0.007518796992481203,0.007518796992481203,0.0,0.0,0.007518796992481203,0.007518796992481203,0.03383458646616541,0.007518796992481203,0.0,0.0,0.0,0.0,0.0,0.0,0.007518796992481203,0.0037593984962406013,0.0,0.0037593984962406013,0.0,0.015037593984962405,0.0,0.0,0.0037593984962406013,0.0,0.0,0.0,0.007518796992481203,0.0,0.0,0.0,0.0,0.0,0.0,0.0037593984962406013,0.0,0.0,0.0,0.0,0.0,0.0,0.0037593984962406013,0.03383458646616541,0.0,0.0,0.0037593984962406013,0.0,0.0,0.0,0.0,0.0,0.007518796992481203,0.0037593984962406013,0.0,0.0,0.0,0.011278195488721804,0.0,0.0,0.0,0.0,0.0,0.0
Firefox for Android,0.570264765784114,0.002618562700029095,0.0,0.0,0.0002909514111143439,0.0008728542333430317,0.0,0.0008728542333430317,0.03956939191155077,0.0,0.045097468722723306,0.0005819028222286878,0.005528076811172534,0.0,0.0,0.0002909514111143439,0.0,0.0005819028222286878,0.0,0.0,0.0014547570555717194,0.0,0.0,0.0002909514111143439,0.0011638056444573757,0.0,0.0,0.0,0.0,0.0017457084666860634,0.0008728542333430317,0.008146639511201629,0.007564736688972942,0.0011638056444573757,0.0011638056444573757,0.014547570555717195,0.0014547570555717194,0.0,0.0,0.005819028222286878,0.008437590922315974,0.0014547570555717194,0.0119290078556881,0.0002909514111143439,0.0,0.0,0.0008728542333430317,0.0008728542333430317,0.0,0.03607797497817864,0.0002909514111143439,0.0,0.0002909514111143439,0.0,0.016293279022403257,0.0005819028222286878,0.0002909514111143439,0.0008728542333430317,0.020366598778004074,0.0,0.0,0.0,0.0,0.0,0.0,0.0,0.002909514111143439,0.0023276112889147513,0.0017457084666860634,0.0023276112889147513,0.0,0.0,0.0,0.0,0.0,0.0011638056444573757,0.0002909514111143439,0.0,0.0002909514111143439,0.014547570555717195,0.0069828338667442535,0.030840849578120454,0.0005819028222286878,0.0002909514111143439,0.0002909514111143439,0.016293279022403257,0.0,0.0,0.0002909514111143439,0.01571137620017457,0.048297934244981085,0.0,0.0005819028222286878,0.03724178062263602,0.006109979633401222,0.0,0.0
Firefox for Android Graveyard,0.5863377609108159,0.0,0.0018975332068311196,0.0,0.0018975332068311196,0.0018975332068311196,0.0,0.0018975332068311196,0.0,0.0,0.0056925996204933585,0.0,0.0018975332068311196,0.0,0.0,0.0018975332068311196,0.0,0.0056925996204933585,0.0,0.0,0.011385199240986717,0.0,0.007590132827324478,0.0,0.0,0.0,0.0,0.0,0.0018975332068311196,0.0018975332068311196,0.0018975332068311196,0.0,0.07590132827324478,0.0056925996204933585,0.003795066413662239,0.0018975332068311196,0.0,0.0,0.0,0.036053130929791274,0.003795066413662239,0.0056925996204933585,0.04554079696394687,0.0,0.0,0.0,0.0018975332068311196,0.0,0.0,0.04364326375711575,0.0,0.0,0.0,0.003795066413662239,0.013282732447817837,0.0018975332068311196,0.0,0.0,0.009487666034155597,0.0,0.003795066413662239,0.0,0.0,0.0,0.0,0.0,0.0018975332068311196,0.0,0.0018975332068311196,0.051233396584440226,0.0,0.0,0.0,0.0,0.0,0.003795066413662239,0.0018975332068311196,0.0,0.0,0.0,0.0,0.020872865275142316,0.0,0.0,0.0,0.009487666034155597,0.0,0.0,0.0,0.0018975332068311196,0.009487666034155597,0.0,0.0,0.0018975332068311196,0.0056925996204933585,0.0,0.0
Firefox for FireTV Graveyard,1.0,0.0,0.0,0.0,0.0,0.0,0.0,0.0,0.0,0.0,0.0,0.0,0.0,0.0,0.0,0.0,0.0,0.0,0.0,0.0,0.0,0.0,0.0,0.0,0.0,0.0,0.0,0.0,0.0,0.0,0.0,0.0,0.0,0.0,0.0,0.0,0.0,0.0,0.0,0.0,0.0,0.0,0.0,0.0,0.0,0.0,0.0,0.0,0.0,0.0,0.0,0.0,0.0,0.0,0.0,0.0,0.0,0.0,0.0,0.0,0.0,0.0,0.0,0.0,0.0,0.0,0.0,0.0,0.0,0.0,0.0,0.0,0.0,0.0,0.0,0.0,0.0,0.0,0.0,0.0,0.0,0.0,0.0,0.0,0.0,0.0,0.0,0.0,0.0,0.0,0.0,0.0,0.0,0.0,0.0,0.0,0.0
Firefox for Metro Graveyard,0.5238095238095238,0.0,0.0,0.0,0.0,0.0,0.0,0.0,0.0,0.0,0.0,0.0,0.0,0.0,0.0,0.0,0.0,0.047619047619047616,0.0,0.0,0.0,0.0,0.0,0.0,0.0,0.0,0.0,0.047619047619047616,0.0,0.0,0.0,0.0,0.09523809523809523,0.0,0.0,0.0,0.0,0.0,0.0,0.0,0.0,0.0,0.0,0.0,0.0,0.0,0.0,0.0,0.0,0.0,0.0,0.0,0.0,0.0,0.0,0.0,0.0,0.0,0.0,0.0,0.0,0.0,0.0,0.0,0.0,0.0,0.0,0.0,0.0,0.0,0.0,0.0,0.0,0.0,0.0,0.047619047619047616,0.09523809523809523,0.0,0.0,0.047619047619047616,0.0,0.09523809523809523,0.0,0.0,0.0,0.0,0.0,0.0,0.0,0.0,0.0,0.0,0.0,0.0,0.0,0.0,0.0
Firefox for iOS,0.7419354838709677,0.0,0.0,0.0,0.0,0.0,0.03225806451612903,0.0,0.03225806451612903,0.0,0.03225806451612903,0.0,0.0,0.0,0.0,0.0,0.0,0.0,0.0,0.0,0.0,0.0,0.0,0.0,0.0,0.0,0.0,0.0,0.0,0.0,0.0,0.0,0.0,0.0,0.0,0.0,0.0,0.0,0.0,0.0,0.0,0.0,0.0,0.0,0.0,0.0,0.0,0.0,0.0,0.0,0.0,0.0,0.0,0.0,0.03225806451612903,0.0,0.0,0.0,0.03225806451612903,0.0,0.0,0.0,0.0,0.0,0.0,0.0,0.0,0.0,0.0,0.0,0.0,0.0,0.0,0.0,0.0,0.0,0.0,0.0,0.0,0.0,0.0,0.0,0.0,0.0,0.0,0.0,0.0,0.0,0.0,0.03225806451612903,0.0,0.0,0.0,0.03225806451612903,0.03225806451612903,0.0,0.0
Focus,0.5563380281690141,0.007042253521126761,0.0,0.0,0.0,0.0,0.0,0.0,0.04225352112676056,0.0,0.028169014084507043,0.0,0.007042253521126761,0.0,0.0,0.0,0.0,0.014084507042253521,0.0,0.0,0.007042253521126761,0.0,0.0,0.0,0.0,0.0,0.0,0.0,0.0,0.0,0.0,0.02112676056338028,0.007042253521126761,0.0,0.007042253521126761,0.014084507042253521,0.0,0.0,0.0,0.0,0.035211267605633804,0.0,0.007042253521126761,0.0,0.0,0.0,0.0,0.0,0.0,0.08450704225352113,0.0,0.0,0.0,0.0,0.04225352112676056,0.0,0.0,0.0,0.0,0.0,0.0,0.0,0.0,0.0,0.0,0.0,0.014084507042253521,0.0,0.0,0.0,0.0,0.0,0.0,0.0,0.0,0.056338028169014086,0.0,0.0,0.0,0.0,0.007042253521126761,0.007042253521126761,0.0,0.0,0.0,0.007042253521126761,0.0,0.0,0.0,0.0,0.02112676056338028,0.0,0.0,0.007042253521126761,0.0,0.0,0.0
Focus-iOS,1.0,0.0,0.0,0.0,0.0,0.0,0.0,0.0,0.0,0.0,0.0,0.0,0.0,0.0,0.0,0.0,0.0,0.0,0.0,0.0,0.0,0.0,0.0,0.0,0.0,0.0,0.0,0.0,0.0,0.0,0.0,0.0,0.0,0.0,0.0,0.0,0.0,0.0,0.0,0.0,0.0,0.0,0.0,0.0,0.0,0.0,0.0,0.0,0.0,0.0,0.0,0.0,0.0,0.0,0.0,0.0,0.0,0.0,0.0,0.0,0.0,0.0,0.0,0.0,0.0,0.0,0.0,0.0,0.0,0.0,0.0,0.0,0.0,0.0,0.0,0.0,0.0,0.0,0.0,0.0,0.0,0.0,0.0,0.0,0.0,0.0,0.0,0.0,0.0,0.0,0.0,0.0,0.0,0.0,0.0,0.0,0.0
GeckoView,0.432510885341074,0.0043541364296081275,0.0,0.0,0.0,0.002902757619738752,0.002902757619738752,0.002902757619738752,0.0043541364296081275,0.0,0.008708272859216255,0.0,0.001451378809869376,0.0,0.0,0.0,0.0,0.0043541364296081275,0.0,0.0,0.0043541364296081275,0.001451378809869376,0.0,0.0,0.0,0.001451378809869376,0.0,0.001451378809869376,0.005805515239477504,0.005805515239477504,0.001451378809869376,0.02177068214804064,0.01741654571843251,0.01451378809869376,0.002902757619738752,0.00725689404934688,0.002902757619738752,0.0,0.0,0.22931785195936139,0.015965166908563134,0.0,0.00725689404934688,0.0,0.001451378809869376,0.0,0.0,0.0,0.0,0.04644412191582003,0.0,0.0,0.0,0.00725689404934688,0.059506531204644414,0.001451378809869376,0.002902757619738752,0.0043541364296081275,0.011611030478955007,0.0,0.001451378809869376,0.0,0.0,0.0,0.0,0.0,0.0,0.011611030478955007,0.001451378809869376,0.0,0.001451378809869376,0.0,0.0,0.0,0.0,0.008708272859216255,0.008708272859216255,0.0043541364296081275,0.0043541364296081275,0.0,0.0,0.001451378809869376,0.0,0.008708272859216255,0.0,0.002902757619738752,0.0,0.0,0.0,0.0,0.0,0.0,0.0,0.001451378809869376,0.001451378809869376,0.0,0.001451378809869376
GeckoView Graveyard,0.6779661016949152,0.01694915254237288,0.0,0.0,0.0,0.0,0.0,0.0,0.0,0.0,0.0,0.0,0.0,0.0,0.0,0.0,0.0,0.0,0.0,0.0,0.0,0.0,0.0,0.0,0.0,0.0,0.0,0.0,0.0,0.0,0.0,0.0,0.0,0.01694915254237288,0.0,0.0,0.0,0.0,0.0,0.1016949152542373,0.0,0.0,0.0,0.0,0.0,0.0,0.0,0.01694915254237288,0.0,0.01694915254237288,0.0,0.0,0.0,0.0,0.06779661016949153,0.0,0.0847457627118644,0.0,0.0,0.0,0.0,0.0,0.0,0.0,0.0,0.0,0.0,0.0,0.0,0.0,0.0,0.0,0.0,0.0,0.0,0.0,0.0,0.0,0.0,0.0,0.0,0.0,0.0,0.0,0.0,0.0,0.0,0.0,0.0,0.0,0.0,0.0,0.0,0.0,0.0,0.0,0.0
Hello (Loop),0.8421052631578947,0.0,0.0,0.0,0.0,0.0,0.0,0.0,0.0,0.0,0.0,0.0,0.0,0.0,0.0,0.0,0.0,0.0,0.0,0.0,0.02631578947368421,0.0,0.0,0.0,0.02631578947368421,0.0,0.0,0.0,0.0,0.0,0.0,0.0,0.0,0.0,0.0,0.0,0.0,0.0,0.0,0.0,0.0,0.02631578947368421,0.0,0.0,0.0,0.0,0.0,0.0,0.0,0.0,0.0,0.0,0.0,0.0,0.0,0.0,0.0,0.0,0.0,0.0,0.0,0.0,0.0,0.0,0.0,0.0,0.0,0.0,0.0,0.0,0.0,0.0,0.0,0.0,0.0,0.0,0.0,0.0,0.0,0.0,0.05263157894736842,0.0,0.0,0.0,0.0,0.0,0.0,0.0,0.0,0.0,0.0,0.0,0.0,0.0,0.02631578947368421,0.0,0.0
Infrastructure & Operations,0.816793893129771,0.007633587786259542,0.0,0.0,0.0,0.0,0.0,0.0,0.0,0.0,0.003816793893129771,0.0,0.0,0.003816793893129771,0.0,0.003816793893129771,0.0,0.0,0.0,0.0,0.0,0.0,0.0,0.0,0.007633587786259542,0.0,0.0,0.0,0.0,0.0,0.0,0.0,0.0,0.003816793893129771,0.015267175572519083,0.003816793893129771,0.003816793893129771,0.0,0.0,0.011450381679389313,0.0,0.003816793893129771,0.0,0.0,0.0,0.0,0.0,0.003816793893129771,0.0648854961832061,0.003816793893129771,0.0,0.011450381679389313,0.0,0.0,0.015267175572519083,0.0,0.0,0.0,0.0,0.0,0.007633587786259542,0.003816793893129771,0.0,0.0,0.0,0.0,0.0,0.0,0.0,0.0,0.0,0.0,0.0,0.0,0.0,0.0,0.0,0.0,0.0,0.0,0.0,0.0,0.0,0.0,0.003816793893129771,0.0,0.0,0.0,0.0,0.0,0.0,0.0,0.0,0.0,0.0,0.0,0.0
Infrastructure & Operations Graveyard,0.8560606060606061,0.015151515151515152,0.0,0.0,0.0,0.0,0.0,0.0,0.0,0.0,0.0,0.0,0.0,0.0,0.0,0.007575757575757576,0.0,0.0,0.0,0.0,0.0,0.0,0.0,0.0,0.0,0.0,0.0,0.0,0.0,0.0,0.0,0.0,0.0,0.007575757575757576,0.0,0.0,0.0,0.0,0.0,0.0,0.0,0.007575757575757576,0.0,0.0,0.0,0.0,0.0,0.007575757575757576,0.03787878787878788,0.0,0.0,0.0,0.0,0.0,0.045454545454545456,0.0,0.0,0.007575757575757576,0.0,0.0,0.0,0.007575757575757576,0.0,0.0,0.0,0.0,0.0,0.0,0.0,0.0,0.0,0.0,0.0,0.0,0.0,0.0,0.0,0.0,0.0,0.0,0.0,0.0,0.0,0.0,0.0,0.0,0.0,0.0,0.0,0.0,0.0,0.0,0.0,0.0,0.0,0.0,0.0
Invalid Bugs,1.0,0.0,0.0,0.0,0.0,0.0,0.0,0.0,0.0,0.0,0.0,0.0,0.0,0.0,0.0,0.0,0.0,0.0,0.0,0.0,0.0,0.0,0.0,0.0,0.0,0.0,0.0,0.0,0.0,0.0,0.0,0.0,0.0,0.0,0.0,0.0,0.0,0.0,0.0,0.0,0.0,0.0,0.0,0.0,0.0,0.0,0.0,0.0,0.0,0.0,0.0,0.0,0.0,0.0,0.0,0.0,0.0,0.0,0.0,0.0,0.0,0.0,0.0,0.0,0.0,0.0,0.0,0.0,0.0,0.0,0.0,0.0,0.0,0.0,0.0,0.0,0.0,0.0,0.0,0.0,0.0,0.0,0.0,0.0,0.0,0.0,0.0,0.0,0.0,0.0,0.0,0.0,0.0,0.0,0.0,0.0,0.0
L20n,0.0,0.0,0.0,0.0,0.0,0.0,0.0,0.0,0.0,0.0,1.0,0.0,0.0,0.0,0.0,0.0,0.0,0.0,0.0,0.0,0.0,0.0,0.0,0.0,0.0,0.0,0.0,0.0,0.0,0.0,0.0,0.0,0.0,0.0,0.0,0.0,0.0,0.0,0.0,0.0,0.0,0.0,0.0,0.0,0.0,0.0,0.0,0.0,0.0,0.0,0.0,0.0,0.0,0.0,0.0,0.0,0.0,0.0,0.0,0.0,0.0,0.0,0.0,0.0,0.0,0.0,0.0,0.0,0.0,0.0,0.0,0.0,0.0,0.0,0.0,0.0,0.0,0.0,0.0,0.0,0.0,0.0,0.0,0.0,0.0,0.0,0.0,0.0,0.0,0.0,0.0,0.0,0.0,0.0,0.0,0.0,0.0
Localization Infrastructure and Tools,0.6875,0.0,0.0,0.0,0.0,0.0,0.0,0.0,0.0,0.0625,0.1875,0.0,0.0,0.0,0.0,0.0,0.0,0.0,0.0,0.0,0.0,0.0,0.0,0.0,0.0,0.0,0.0,0.0,0.0,0.0,0.0,0.0,0.0,0.0,0.0,0.0,0.0,0.0,0.0,0.0,0.0,0.0,0.0,0.0,0.0625,0.0,0.0,0.0,0.0,0.0,0.0,0.0,0.0,0.0,0.0,0.0,0.0,0.0,0.0,0.0,0.0,0.0,0.0,0.0,0.0,0.0,0.0,0.0,0.0,0.0,0.0,0.0,0.0,0.0,0.0,0.0,0.0,0.0,0.0,0.0,0.0,0.0,0.0,0.0,0.0,0.0,0.0,0.0,0.0,0.0,0.0,0.0,0.0,0.0,0.0,0.0,0.0
Location,0.0,0.0,0.0,0.0,0.0,0.0,0.0,0.0,0.0,0.0,0.0,0.0,0.0,0.0,0.0,0.0,0.0,0.0,0.0,0.0,0.0,0.0,0.0,0.0,0.0,0.0,0.0,0.0,0.0,0.0,0.0,0.0,0.0,0.0,0.0,0.0,1.0,0.0,0.0,0.0,0.0,0.0,0.0,0.0,0.0,0.0,0.0,0.0,0.0,0.0,0.0,0.0,0.0,0.0,0.0,0.0,0.0,0.0,0.0,0.0,0.0,0.0,0.0,0.0,0.0,0.0,0.0,0.0,0.0,0.0,0.0,0.0,0.0,0.0,0.0,0.0,0.0,0.0,0.0,0.0,0.0,0.0,0.0,0.0,0.0,0.0,0.0,0.0,0.0,0.0,0.0,0.0,0.0,0.0,0.0,0.0,0.0
Lockwise Graveyard,1.0,0.0,0.0,0.0,0.0,0.0,0.0,0.0,0.0,0.0,0.0,0.0,0.0,0.0,0.0,0.0,0.0,0.0,0.0,0.0,0.0,0.0,0.0,0.0,0.0,0.0,0.0,0.0,0.0,0.0,0.0,0.0,0.0,0.0,0.0,0.0,0.0,0.0,0.0,0.0,0.0,0.0,0.0,0.0,0.0,0.0,0.0,0.0,0.0,0.0,0.0,0.0,0.0,0.0,0.0,0.0,0.0,0.0,0.0,0.0,0.0,0.0,0.0,0.0,0.0,0.0,0.0,0.0,0.0,0.0,0.0,0.0,0.0,0.0,0.0,0.0,0.0,0.0,0.0,0.0,0.0,0.0,0.0,0.0,0.0,0.0,0.0,0.0,0.0,0.0,0.0,0.0,0.0,0.0,0.0,0.0,0.0
MailNews Core,0.4084507042253521,0.0,0.014084507042253521,0.0,0.0,0.0,0.0,0.001564945226917058,0.0,0.0,0.003129890453834116,0.0,0.0,0.0,0.0,0.0,0.0,0.0,0.0,0.0,0.0,0.0,0.0,0.0,0.3286384976525822,0.0,0.0,0.0,0.09076682316118936,0.001564945226917058,0.001564945226917058,0.0,0.001564945226917058,0.0,0.001564945226917058,0.004694835680751174,0.001564945226917058,0.0,0.0,0.0,0.0,0.012519561815336464,0.0,0.0,0.0,0.0,0.0,0.0,0.0,0.053208137715179966,0.001564945226917058,0.0,0.0,0.001564945226917058,0.0297339593114241,0.0,0.0,0.0,0.004694835680751174,0.0,0.0,0.003129890453834116,0.0,0.0,0.0,0.0,0.0,0.001564945226917058,0.02034428794992175,0.0,0.0,0.0,0.0,0.0,0.0,0.001564945226917058,0.009389671361502348,0.0,0.0,0.0,0.0,0.001564945226917058,0.0,0.0,0.0,0.0,0.0,0.0,0.0,0.0,0.0,0.0,0.0,0.0,0.0,0.0,0.0
MailNews Core Graveyard,1.0,0.0,0.0,0.0,0.0,0.0,0.0,0.0,0.0,0.0,0.0,0.0,0.0,0.0,0.0,0.0,0.0,0.0,0.0,0.0,0.0,0.0,0.0,0.0,0.0,0.0,0.0,0.0,0.0,0.0,0.0,0.0,0.0,0.0,0.0,0.0,0.0,0.0,0.0,0.0,0.0,0.0,0.0,0.0,0.0,0.0,0.0,0.0,0.0,0.0,0.0,0.0,0.0,0.0,0.0,0.0,0.0,0.0,0.0,0.0,0.0,0.0,0.0,0.0,0.0,0.0,0.0,0.0,0.0,0.0,0.0,0.0,0.0,0.0,0.0,0.0,0.0,0.0,0.0,0.0,0.0,0.0,0.0,0.0,0.0,0.0,0.0,0.0,0.0,0.0,0.0,0.0,0.0,0.0,0.0,0.0,0.0
Marketing,1.0,0.0,0.0,0.0,0.0,0.0,0.0,0.0,0.0,0.0,0.0,0.0,0.0,0.0,0.0,0.0,0.0,0.0,0.0,0.0,0.0,0.0,0.0,0.0,0.0,0.0,0.0,0.0,0.0,0.0,0.0,0.0,0.0,0.0,0.0,0.0,0.0,0.0,0.0,0.0,0.0,0.0,0.0,0.0,0.0,0.0,0.0,0.0,0.0,0.0,0.0,0.0,0.0,0.0,0.0,0.0,0.0,0.0,0.0,0.0,0.0,0.0,0.0,0.0,0.0,0.0,0.0,0.0,0.0,0.0,0.0,0.0,0.0,0.0,0.0,0.0,0.0,0.0,0.0,0.0,0.0,0.0,0.0,0.0,0.0,0.0,0.0,0.0,0.0,0.0,0.0,0.0,0.0,0.0,0.0,0.0,0.0
Marketplace Graveyard,0.875,0.0,0.0,0.0,0.0,0.0,0.0,0.0,0.0,0.0,0.0,0.0,0.0,0.0,0.0,0.0,0.0,0.0,0.0,0.0,0.0,0.0,0.0,0.0,0.0,0.0,0.0,0.0,0.0,0.0,0.0,0.0,0.0,0.0,0.0,0.0,0.0,0.0,0.0,0.0,0.0,0.125,0.0,0.0,0.0,0.0,0.0,0.0,0.0,0.0,0.0,0.0,0.0,0.0,0.0,0.0,0.0,0.0,0.0,0.0,0.0,0.0,0.0,0.0,0.0,0.0,0.0,0.0,0.0,0.0,0.0,0.0,0.0,0.0,0.0,0.0,0.0,0.0,0.0,0.0,0.0,0.0,0.0,0.0,0.0,0.0,0.0,0.0,0.0,0.0,0.0,0.0,0.0,0.0,0.0,0.0,0.0
Minimo Graveyard,0.0,0.0,0.0,0.0,0.0,0.0,0.0,0.0,0.0,0.0,0.0,0.0,0.0,0.0,0.0,0.0,0.0,0.0,0.0,0.0,0.0,0.0,0.0,0.0,0.0,0.0,0.0,0.0,0.0,0.0,0.0,0.0,0.0,0.0,0.0,0.0,0.0,0.0,0.0,0.0,0.0,0.0,0.0,0.0,0.0,0.0,0.0,0.0,0.0,1.0,0.0,0.0,0.0,0.0,0.0,0.0,0.0,0.0,0.0,0.0,0.0,0.0,0.0,0.0,0.0,0.0,0.0,0.0,0.0,0.0,0.0,0.0,0.0,0.0,0.0,0.0,0.0,0.0,0.0,0.0,0.0,0.0,0.0,0.0,0.0,0.0,0.0,0.0,0.0,0.0,0.0,0.0,0.0,0.0,0.0,0.0,0.0
Mozilla Labs,0.0,0.0,0.0,0.0,0.0,0.0,0.0,0.0,0.0,0.0,0.0,0.0,0.0,0.0,0.0,0.0,0.0,0.0,0.0,0.0,0.0,0.0,0.0,0.0,0.0,0.0,0.0,0.0,0.0,0.0,0.0,0.0,0.0,0.0,0.0,0.0,0.0,0.0,0.0,0.0,0.0,0.0,0.0,0.0,0.0,0.0,0.0,0.0,0.0,0.0,0.0,0.0,0.0,0.0,0.0,0.0,0.0,0.0,0.0,0.0,0.0,0.0,0.0,0.0,0.0,0.0,0.0,0.0,0.0,0.0,0.0,0.0,0.0,0.0,0.0,0.0,0.0,0.0,0.0,0.0,0.0,0.0,0.0,0.0,0.0,1.0,0.0,0.0,0.0,0.0,0.0,0.0,0.0,0.0,0.0,0.0,0.0
Mozilla Labs Graveyard,1.0,0.0,0.0,0.0,0.0,0.0,0.0,0.0,0.0,0.0,0.0,0.0,0.0,0.0,0.0,0.0,0.0,0.0,0.0,0.0,0.0,0.0,0.0,0.0,0.0,0.0,0.0,0.0,0.0,0.0,0.0,0.0,0.0,0.0,0.0,0.0,0.0,0.0,0.0,0.0,0.0,0.0,0.0,0.0,0.0,0.0,0.0,0.0,0.0,0.0,0.0,0.0,0.0,0.0,0.0,0.0,0.0,0.0,0.0,0.0,0.0,0.0,0.0,0.0,0.0,0.0,0.0,0.0,0.0,0.0,0.0,0.0,0.0,0.0,0.0,0.0,0.0,0.0,0.0,0.0,0.0,0.0,0.0,0.0,0.0,0.0,0.0,0.0,0.0,0.0,0.0,0.0,0.0,0.0,0.0,0.0,0.0
Mozilla Localizations,0.3953488372093023,0.0,0.023255813953488372,0.0,0.0,0.0,0.0,0.0,0.0,0.023255813953488372,0.46511627906976744,0.0,0.0,0.0,0.0,0.0,0.0,0.0,0.0,0.0,0.023255813953488372,0.0,0.0,0.0,0.0,0.0,0.0,0.0,0.0,0.0,0.0,0.0,0.0,0.0,0.0,0.0,0.0,0.0,0.0,0.0,0.0,0.0,0.0,0.0,0.0,0.0,0.0,0.0,0.0,0.0,0.0,0.0,0.0,0.0,0.023255813953488372,0.0,0.0,0.0,0.0,0.0,0.0,0.0,0.0,0.0,0.0,0.0,0.0,0.0,0.0,0.0,0.0,0.0,0.0,0.0,0.0,0.0,0.0,0.0,0.0,0.0,0.0,0.023255813953488372,0.0,0.0,0.0,0.0,0.0,0.0,0.0,0.0,0.0,0.0,0.0,0.0,0.023255813953488372,0.0,0.0
Mozilla Metrics,1.0,0.0,0.0,0.0,0.0,0.0,0.0,0.0,0.0,0.0,0.0,0.0,0.0,0.0,0.0,0.0,0.0,0.0,0.0,0.0,0.0,0.0,0.0,0.0,0.0,0.0,0.0,0.0,0.0,0.0,0.0,0.0,0.0,0.0,0.0,0.0,0.0,0.0,0.0,0.0,0.0,0.0,0.0,0.0,0.0,0.0,0.0,0.0,0.0,0.0,0.0,0.0,0.0,0.0,0.0,0.0,0.0,0.0,0.0,0.0,0.0,0.0,0.0,0.0,0.0,0.0,0.0,0.0,0.0,0.0,0.0,0.0,0.0,0.0,0.0,0.0,0.0,0.0,0.0,0.0,0.0,0.0,0.0,0.0,0.0,0.0,0.0,0.0,0.0,0.0,0.0,0.0,0.0,0.0,0.0,0.0,0.0
Mozilla QA,1.0,0.0,0.0,0.0,0.0,0.0,0.0,0.0,0.0,0.0,0.0,0.0,0.0,0.0,0.0,0.0,0.0,0.0,0.0,0.0,0.0,0.0,0.0,0.0,0.0,0.0,0.0,0.0,0.0,0.0,0.0,0.0,0.0,0.0,0.0,0.0,0.0,0.0,0.0,0.0,0.0,0.0,0.0,0.0,0.0,0.0,0.0,0.0,0.0,0.0,0.0,0.0,0.0,0.0,0.0,0.0,0.0,0.0,0.0,0.0,0.0,0.0,0.0,0.0,0.0,0.0,0.0,0.0,0.0,0.0,0.0,0.0,0.0,0.0,0.0,0.0,0.0,0.0,0.0,0.0,0.0,0.0,0.0,0.0,0.0,0.0,0.0,0.0,0.0,0.0,0.0,0.0,0.0,0.0,0.0,0.0,0.0
Mozilla QA Graveyard,1.0,0.0,0.0,0.0,0.0,0.0,0.0,0.0,0.0,0.0,0.0,0.0,0.0,0.0,0.0,0.0,0.0,0.0,0.0,0.0,0.0,0.0,0.0,0.0,0.0,0.0,0.0,0.0,0.0,0.0,0.0,0.0,0.0,0.0,0.0,0.0,0.0,0.0,0.0,0.0,0.0,0.0,0.0,0.0,0.0,0.0,0.0,0.0,0.0,0.0,0.0,0.0,0.0,0.0,0.0,0.0,0.0,0.0,0.0,0.0,0.0,0.0,0.0,0.0,0.0,0.0,0.0,0.0,0.0,0.0,0.0,0.0,0.0,0.0,0.0,0.0,0.0,0.0,0.0,0.0,0.0,0.0,0.0,0.0,0.0,0.0,0.0,0.0,0.0,0.0,0.0,0.0,0.0,0.0,0.0,0.0,0.0
Mozilla Reps Graveyard,0.5,0.0,0.0,0.0,0.0,0.0,0.0,0.0,0.0,0.0,0.25,0.0,0.0,0.0,0.0,0.0,0.0,0.0,0.0,0.0,0.0,0.0,0.0,0.0,0.0,0.0,0.0,0.0,0.0,0.0,0.0,0.0,0.0,0.0,0.0,0.0,0.0,0.0,0.0,0.0,0.0,0.0,0.0,0.0,0.0,0.0,0.0,0.0,0.0,0.0,0.0,0.0,0.0,0.0,0.0,0.0,0.0,0.0,0.0,0.0,0.0,0.0,0.0,0.0,0.0,0.0,0.0,0.0,0.0,0.0,0.0,0.0,0.0,0.0,0.0,0.0,0.0,0.0,0.0,0.0,0.0,0.0,0.0,0.0,0.0,0.25,0.0,0.0,0.0,0.0,0.0,0.0,0.0,0.0,0.0,0.0,0.0
NSPR,0.4,0.0,0.0,0.0,0.0,0.0,0.0,0.0,0.0,0.0,0.0,0.0,0.0,0.0,0.0,0.0,0.0,0.0,0.0,0.0,0.0,0.0,0.0,0.0,0.0,0.0,0.0,0.0,0.2,0.0,0.0,0.0,0.0,0.03333333333333333,0.0,0.0,0.0,0.0,0.0,0.0,0.0,0.0,0.0,0.0,0.0,0.03333333333333333,0.0,0.0,0.0,0.0,0.03333333333333333,0.03333333333333333,0.0,0.0,0.03333333333333333,0.0,0.0,0.0,0.0,0.0,0.0,0.2,0.0,0.0,0.0,0.0,0.0,0.0,0.03333333333333333,0.0,0.0,0.0,0.0,0.0,0.0,0.0,0.0,0.0,0.0,0.0,0.0,0.0,0.0,0.0,0.0,0.0,0.0,0.0,0.0,0.0,0.0,0.0,0.0,0.0,0.0,0.0,0.0
NSS,0.4882943143812709,0.0,0.0033444816053511705,0.0,0.0,0.0,0.0,0.0,0.0,0.0,0.0,0.0,0.0,0.0,0.0,0.0,0.0,0.0,0.0,0.0,0.0033444816053511705,0.0,0.0,0.0,0.010033444816053512,0.0,0.0,0.0,0.04013377926421405,0.013377926421404682,0.0,0.0,0.0,0.0033444816053511705,0.2508361204013378,0.006688963210702341,0.0,0.0,0.0,0.0,0.0,0.0033444816053511705,0.0,0.0,0.013377926421404682,0.026755852842809364,0.0,0.006688963210702341,0.013377926421404682,0.030100334448160536,0.0,0.0,0.0,0.0,0.023411371237458192,0.0,0.0,0.0,0.0,0.006688963210702341,0.0033444816053511705,0.033444816053511704,0.0,0.0,0.0,0.0,0.0,0.0,0.0,0.0,0.0,0.010033444816053512,0.0033444816053511705,0.0,0.0,0.0,0.0,0.0,0.0,0.0,0.0,0.0,0.0,0.0033444816053511705,0.0,0.0,0.0,0.0,0.0033444816053511705,0.0,0.0,0.0,0.0,0.0,0.0,0.0,0.0
Other Applications,0.0,0.0,0.0,0.0,0.0,0.0,0.0,0.0,0.0,0.0,0.0,0.0,0.0,0.0,0.0,0.0,0.0,0.0,0.0,0.0,0.0,0.0,0.0,0.0,0.0,0.0,0.0,0.0,0.0,0.0,0.0,0.0,0.0,0.0,0.0,0.0,0.0,0.0,0.0,0.0,0.0,0.0,0.0,0.0,0.0,0.0,0.0,0.0,0.0,0.0,0.0,0.0,0.0,0.0,0.0,0.0,0.0,0.0,0.0,0.0,0.0,0.0,0.0,0.0,0.0,1.0,0.0,0.0,0.0,0.0,0.0,0.0,0.0,0.0,0.0,0.0,0.0,0.0,0.0,0.0,0.0,0.0,0.0,0.0,0.0,0.0,0.0,0.0,0.0,0.0,0.0,0.0,0.0,0.0,0.0,0.0,0.0
Other Applications Graveyard,0.7777777777777778,0.0,0.05555555555555555,0.0,0.0,0.0,0.0,0.0,0.0,0.0,0.05555555555555555,0.0,0.0,0.0,0.0,0.0,0.0,0.0,0.0,0.0,0.0,0.0,0.0,0.0,0.0,0.0,0.0,0.0,0.0,0.0,0.0,0.0,0.0,0.0,0.0,0.0,0.0,0.0,0.0,0.05555555555555555,0.0,0.0,0.0,0.0,0.0,0.0,0.0,0.0,0.0,0.05555555555555555,0.0,0.0,0.0,0.0,0.0,0.0,0.0,0.0,0.0,0.0,0.0,0.0,0.0,0.0,0.0,0.0,0.0,0.0,0.0,0.0,0.0,0.0,0.0,0.0,0.0,0.0,0.0,0.0,0.0,0.0,0.0,0.0,0.0,0.0,0.0,0.0,0.0,0.0,0.0,0.0,0.0,0.0,0.0,0.0,0.0,0.0,0.0
Participation Infrastructure,0.75,0.0,0.0,0.0,0.0,0.0,0.0,0.0,0.0,0.0,0.25,0.0,0.0,0.0,0.0,0.0,0.0,0.0,0.0,0.0,0.0,0.0,0.0,0.0,0.0,0.0,0.0,0.0,0.0,0.0,0.0,0.0,0.0,0.0,0.0,0.0,0.0,0.0,0.0,0.0,0.0,0.0,0.0,0.0,0.0,0.0,0.0,0.0,0.0,0.0,0.0,0.0,0.0,0.0,0.0,0.0,0.0,0.0,0.0,0.0,0.0,0.0,0.0,0.0,0.0,0.0,0.0,0.0,0.0,0.0,0.0,0.0,0.0,0.0,0.0,0.0,0.0,0.0,0.0,0.0,0.0,0.0,0.0,0.0,0.0,0.0,0.0,0.0,0.0,0.0,0.0,0.0,0.0,0.0,0.0,0.0,0.0
Penelope Graveyard,0.5,0.0,0.0,0.0,0.0,0.0,0.0,0.0,0.0,0.0,0.0,0.0,0.0,0.0,0.0,0.0,0.0,0.0,0.0,0.0,0.0,0.0,0.0,0.0,0.5,0.0,0.0,0.0,0.0,0.0,0.0,0.0,0.0,0.0,0.0,0.0,0.0,0.0,0.0,0.0,0.0,0.0,0.0,0.0,0.0,0.0,0.0,0.0,0.0,0.0,0.0,0.0,0.0,0.0,0.0,0.0,0.0,0.0,0.0,0.0,0.0,0.0,0.0,0.0,0.0,0.0,0.0,0.0,0.0,0.0,0.0,0.0,0.0,0.0,0.0,0.0,0.0,0.0,0.0,0.0,0.0,0.0,0.0,0.0,0.0,0.0,0.0,0.0,0.0,0.0,0.0,0.0,0.0,0.0,0.0,0.0,0.0
Pocket,1.0,0.0,0.0,0.0,0.0,0.0,0.0,0.0,0.0,0.0,0.0,0.0,0.0,0.0,0.0,0.0,0.0,0.0,0.0,0.0,0.0,0.0,0.0,0.0,0.0,0.0,0.0,0.0,0.0,0.0,0.0,0.0,0.0,0.0,0.0,0.0,0.0,0.0,0.0,0.0,0.0,0.0,0.0,0.0,0.0,0.0,0.0,0.0,0.0,0.0,0.0,0.0,0.0,0.0,0.0,0.0,0.0,0.0,0.0,0.0,0.0,0.0,0.0,0.0,0.0,0.0,0.0,0.0,0.0,0.0,0.0,0.0,0.0,0.0,0.0,0.0,0.0,0.0,0.0,0.0,0.0,0.0,0.0,0.0,0.0,0.0,0.0,0.0,0.0,0.0,0.0,0.0,0.0,0.0,0.0,0.0,0.0
Product Innovation,1.0,0.0,0.0,0.0,0.0,0.0,0.0,0.0,0.0,0.0,0.0,0.0,0.0,0.0,0.0,0.0,0.0,0.0,0.0,0.0,0.0,0.0,0.0,0.0,0.0,0.0,0.0,0.0,0.0,0.0,0.0,0.0,0.0,0.0,0.0,0.0,0.0,0.0,0.0,0.0,0.0,0.0,0.0,0.0,0.0,0.0,0.0,0.0,0.0,0.0,0.0,0.0,0.0,0.0,0.0,0.0,0.0,0.0,0.0,0.0,0.0,0.0,0.0,0.0,0.0,0.0,0.0,0.0,0.0,0.0,0.0,0.0,0.0,0.0,0.0,0.0,0.0,0.0,0.0,0.0,0.0,0.0,0.0,0.0,0.0,0.0,0.0,0.0,0.0,0.0,0.0,0.0,0.0,0.0,0.0,0.0,0.0
Release Engineering,0.5502958579881657,0.0019723865877712033,0.0,0.0,0.0,0.0,0.0,0.0,0.0,0.0,0.01972386587771203,0.0,0.0,0.0,0.0,0.011834319526627219,0.0,0.0,0.0,0.0,0.0,0.0,0.0,0.0,0.0039447731755424065,0.0,0.0,0.0,0.0,0.0019723865877712033,0.0,0.0,0.0019723865877712033,0.009861932938856016,0.005917159763313609,0.0,0.0039447731755424065,0.0,0.0,0.023668639053254437,0.011834319526627219,0.027613412228796843,0.10650887573964497,0.0,0.0039447731755424065,0.0019723865877712033,0.0019723865877712033,0.007889546351084813,0.03944773175542406,0.0,0.0,0.0,0.0,0.0,0.13609467455621302,0.0,0.0,0.0,0.005917159763313609,0.0,0.011834319526627219,0.0019723865877712033,0.0,0.0,0.0,0.0,0.0,0.0,0.0019723865877712033,0.0,0.0,0.0,0.0,0.0,0.0,0.0,0.0,0.0,0.0,0.0039447731755424065,0.0,0.0,0.0,0.0019723865877712033,0.0,0.0,0.0,0.0,0.0,0.0,0.0,0.0,0.0,0.0,0.0,0.0,0.0
Release Engineering Graveyard,0.5,0.07142857142857142,0.0,0.0,0.0,0.0,0.0,0.0,0.0,0.0,0.0,0.0,0.0,0.0,0.0,0.0,0.0,0.0,0.0,0.0,0.0,0.0,0.0,0.0,0.0,0.0,0.0,0.0,0.0,0.0,0.0,0.0,0.0,0.0,0.0,0.0,0.14285714285714285,0.0,0.0,0.0,0.0,0.07142857142857142,0.0,0.0,0.0,0.0,0.0,0.0,0.0,0.0,0.0,0.0,0.0,0.0,0.21428571428571427,0.0,0.0,0.0,0.0,0.0,0.0,0.0,0.0,0.0,0.0,0.0,0.0,0.0,0.0,0.0,0.0,0.0,0.0,0.0,0.0,0.0,0.0,0.0,0.0,0.0,0.0,0.0,0.0,0.0,0.0,0.0,0.0,0.0,0.0,0.0,0.0,0.0,0.0,0.0,0.0,0.0,0.0
Remote Protocol,0.5685733976567884,0.002067539627842867,0.0,0.0,0.0,0.0,0.0,0.0013783597518952446,0.0,0.0,0.002067539627842867,0.0006891798759476223,0.0,0.0,0.0006891798759476223,0.002067539627842867,0.0,0.0,0.0,0.0,0.0,0.0,0.0,0.0,0.0013783597518952446,0.07167470709855273,0.10957960027567196,0.0013783597518952446,0.0006891798759476223,0.0,0.0,0.013094417643004824,0.006202618883528601,0.013783597518952447,0.0,0.0,0.0034458993797381117,0.0,0.0,0.0034458993797381117,0.0,0.0006891798759476223,0.0,0.0,0.0,0.0,0.0,0.0013783597518952446,0.0,0.0013783597518952446,0.0,0.0,0.0,0.007580978635423846,0.12129565816678153,0.0006891798759476223,0.004824259131633356,0.013783597518952447,0.0,0.0006891798759476223,0.0013783597518952446,0.0006891798759476223,0.0,0.0013783597518952446,0.0,0.0,0.0,0.0013783597518952446,0.0,0.0,0.0013783597518952446,0.0,0.0006891798759476223,0.0,0.0,0.002067539627842867,0.0,0.0,0.0006891798759476223,0.0,0.0,0.0,0.0,0.0006891798759476223,0.0,0.0,0.0,0.0013783597518952446,0.01722949689869056,0.0,0.0,0.0006891798759476223,0.0,0.0006891798759476223,0.0027567195037904893,0.012405237767057202,0.0
Rhino Graveyard,0.6666666666666666,0.0,0.0,0.0,0.0,0.0,0.0,0.0,0.0,0.0,0.0,0.0,0.0,0.0,0.0,0.0,0.0,0.0,0.0,0.0,0.0,0.0,0.0,0.0,0.0,0.0,0.0,0.0,0.0,0.0,0.0,0.0,0.0,0.0,0.0,0.0,0.0,0.0,0.0,0.0,0.0,0.3333333333333333,0.0,0.0,0.0,0.0,0.0,0.0,0.0,0.0,0.0,0.0,0.0,0.0,0.0,0.0,0.0,0.0,0.0,0.0,0.0,0.0,0.0,0.0,0.0,0.0,0.0,0.0,0.0,0.0,0.0,0.0,0.0,0.0,0.0,0.0,0.0,0.0,0.0,0.0,0.0,0.0,0.0,0.0,0.0,0.0,0.0,0.0,0.0,0.0,0.0,0.0,0.0,0.0,0.0,0.0,0.0
SeaMonkey,0.46216530849825377,0.0011641443538998836,0.20256111757857975,0.0,0.0,0.005820721769499418,0.0034924330616996507,0.0,0.0,0.002328288707799767,0.0034924330616996507,0.0,0.002328288707799767,0.0,0.0,0.0,0.0,0.002328288707799767,0.0,0.0,0.0011641443538998836,0.0,0.0,0.0,0.07217694994179279,0.0,0.0,0.0,0.011641443538998836,0.005820721769499418,0.0011641443538998836,0.002328288707799767,0.015133876600698487,0.0,0.0,0.013969732246798603,0.0,0.0,0.0,0.0,0.0011641443538998836,0.015133876600698487,0.0,0.0034924330616996507,0.0,0.0,0.0011641443538998836,0.0,0.0,0.030267753201396973,0.0,0.0,0.0,0.0,0.006984866123399301,0.0,0.0,0.0011641443538998836,0.03143189755529686,0.0,0.0,0.009313154831199068,0.0,0.0,0.0,0.0011641443538998836,0.0,0.002328288707799767,0.0011641443538998836,0.0011641443538998836,0.0,0.0,0.0,0.0,0.0,0.004656577415599534,0.0034924330616996507,0.0,0.0,0.0,0.0,0.01979045401629802,0.0,0.0,0.0,0.004656577415599534,0.0,0.0,0.0,0.03143189755529686,0.017462165308498253,0.0,0.0,0.0,0.0034924330616996507,0.0,0.0
Shield,0.76,0.0,0.0,0.0,0.0,0.0,0.0,0.0,0.0,0.0,0.02,0.0,0.0,0.0,0.06,0.0,0.0,0.0,0.0,0.0,0.0,0.0,0.0,0.0,0.0,0.0,0.0,0.0,0.0,0.0,0.0,0.0,0.0,0.0,0.0,0.0,0.0,0.0,0.0,0.0,0.0,0.06,0.0,0.0,0.0,0.0,0.0,0.0,0.0,0.0,0.0,0.02,0.0,0.0,0.0,0.0,0.0,0.0,0.02,0.0,0.0,0.0,0.0,0.0,0.0,0.0,0.0,0.0,0.0,0.0,0.0,0.0,0.0,0.0,0.0,0.0,0.0,0.0,0.0,0.04,0.0,0.0,0.0,0.02,0.0,0.0,0.0,0.0,0.0,0.0,0.0,0.0,0.0,0.0,0.0,0.0,0.0
Socorro,0.4764705882352941,0.0,0.011764705882352941,0.0,0.0,0.0,0.0,0.0,0.0,0.0,0.0,0.0,0.0,0.0,0.0,0.01764705882352941,0.0,0.0,0.0,0.0,0.0,0.0,0.0,0.0,0.0058823529411764705,0.0058823529411764705,0.0,0.0,0.0,0.0,0.0058823529411764705,0.0,0.0,0.0058823529411764705,0.0,0.0,0.0058823529411764705,0.0,0.0,0.0,0.0,0.011764705882352941,0.023529411764705882,0.0058823529411764705,0.0058823529411764705,0.0,0.0,0.0,0.0058823529411764705,0.3352941176470588,0.0,0.0,0.0,0.0,0.041176470588235294,0.0,0.0,0.0,0.0,0.0,0.011764705882352941,0.0,0.0,0.0,0.0,0.0,0.0058823529411764705,0.0,0.0,0.0,0.0,0.0,0.0058823529411764705,0.0,0.0,0.0,0.0,0.0,0.0,0.0,0.0,0.0058823529411764705,0.0,0.0,0.0,0.0058823529411764705,0.0,0.0,0.0,0.0,0.0,0.0,0.0,0.0,0.0,0.0,0.0
Taskcluster,0.5347593582887701,0.0106951871657754,0.0,0.0,0.0,0.0,0.0,0.0,0.0,0.0,0.0,0.0,0.0,0.0,0.0,0.0,0.0,0.0,0.0,0.0,0.0,0.0,0.0,0.0,0.0053475935828877,0.0,0.0,0.0,0.0,0.0,0.0,0.0,0.0,0.0053475935828877,0.0,0.0,0.0053475935828877,0.0,0.0,0.0,0.0,0.0,0.0053475935828877,0.0,0.0,0.0,0.0053475935828877,0.0053475935828877,0.36363636363636365,0.0,0.0,0.0,0.0,0.0,0.0481283422459893,0.0,0.0,0.0,0.0,0.0,0.0053475935828877,0.0,0.0,0.0,0.0,0.0,0.0,0.0,0.0,0.0,0.0,0.0,0.0,0.0,0.0,0.0,0.0,0.0,0.0,0.0,0.0,0.0,0.0,0.0,0.0,0.0053475935828877,0.0,0.0,0.0,0.0,0.0,0.0,0.0,0.0,0.0,0.0,0.0
Tech Evangelism Graveyard,0.5714285714285714,0.0,0.0,0.0,0.0,0.0,0.0,0.0,0.0,0.0,0.0,0.0,0.0,0.0,0.0,0.0,0.0,0.0,0.0,0.0,0.0,0.0,0.0,0.0,0.0,0.0,0.0,0.0,0.0,0.0,0.0,0.0,0.14285714285714285,0.0,0.0,0.0,0.0,0.0,0.0,0.0,0.0,0.0,0.0,0.0,0.0,0.0,0.0,0.0,0.0,0.0,0.0,0.0,0.0,0.0,0.14285714285714285,0.0,0.0,0.0,0.0,0.0,0.0,0.0,0.0,0.0,0.0,0.0,0.0,0.0,0.0,0.0,0.0,0.0,0.0,0.14285714285714285,0.0,0.0,0.0,0.0,0.0,0.0,0.0,0.0,0.0,0.0,0.0,0.0,0.0,0.0,0.0,0.0,0.0,0.0,0.0,0.0,0.0,0.0,0.0
Tecken,0.6111111111111112,0.0,0.0,0.0,0.0,0.0,0.0,0.0,0.0,0.0,0.0,0.0,0.0,0.0,0.0,0.1111111111111111,0.0,0.0,0.0,0.0,0.0,0.0,0.0,0.0,0.0,0.0,0.0,0.0,0.0,0.0,0.0,0.0,0.0,0.0,0.0,0.0,0.0,0.0,0.0,0.0,0.0,0.05555555555555555,0.0,0.0,0.0,0.0,0.0,0.0,0.1111111111111111,0.05555555555555555,0.0,0.05555555555555555,0.0,0.0,0.0,0.0,0.0,0.0,0.0,0.0,0.0,0.0,0.0,0.0,0.0,0.0,0.0,0.0,0.0,0.0,0.0,0.0,0.0,0.0,0.0,0.0,0.0,0.0,0.0,0.0,0.0,0.0,0.0,0.0,0.0,0.0,0.0,0.0,0.0,0.0,0.0,0.0,0.0,0.0,0.0,0.0,0.0
Testing,0.5569547796222095,0.00844304522037779,0.0,0.015311963365769891,0.0,0.0,0.0,0.00014310246136233542,0.00014310246136233542,0.0,0.0,0.00014310246136233542,0.00014310246136233542,0.00014310246136233542,0.0007155123068116772,0.05552375500858615,0.0004293073840870063,0.0,0.0025758443045220377,0.007870635374928448,0.0005724098454493417,0.0,0.00014310246136233542,0.05323411562678878,0.0004293073840870063,0.005580995993131082,0.001001717229536348,0.0,0.00014310246136233542,0.001001717229536348,0.0004293073840870063,0.00028620492272467084,0.00014310246136233542,0.004149971379507728,0.00028620492272467084,0.00014310246136233542,0.00028620492272467084,0.0,0.0,0.004436176302232398,0.0004293073840870063,0.0028620492272467086,0.0034344590726960505,0.00028620492272467084,0.00014310246136233542,0.0004293073840870063,0.0011448196908986834,0.0008586147681740126,0.002432741843159702,0.0021465369204350317,0.00028620492272467084,0.0,0.019032627361190612,0.0004293073840870063,0.06325128792215226,0.0015741270749856898,0.0004293073840870063,0.0007155123068116772,0.0004293073840870063,0.00028620492272467084,0.008013737836290785,0.0005724098454493417,0.0067258156840297656,0.002003434459072696,0.0011448196908986834,0.0,0.00014310246136233542,0.0,0.0,0.00014310246136233542,0.00014310246136233542,0.00014310246136233542,0.0005724098454493417,0.0067258156840297656,0.0014310246136233543,0.0,0.0,0.0,0.0007155123068116772,0.0,0.0,0.0014310246136233543,0.00028620492272467084,0.00014310246136233542,0.0007155123068116772,0.0004293073840870063,0.0,0.0031482541499713796,0.07026330852890669,0.0,0.0,0.0017172295363480253,0.002432741843159702,0.0,0.0,0.06267887807670292,0.006868918145392101
Testing Graveyard,0.5714285714285714,0.0,0.0,0.0,0.0,0.0,0.0,0.0,0.0,0.0,0.0,0.0,0.0,0.0,0.0,0.0,0.0,0.0,0.0,0.0,0.07142857142857142,0.0,0.0,0.0,0.0,0.0,0.0,0.0,0.0,0.0,0.0,0.0,0.0,0.0,0.0,0.0,0.0,0.0,0.0,0.07142857142857142,0.0,0.0,0.07142857142857142,0.0,0.0,0.0,0.0,0.0,0.0,0.14285714285714285,0.0,0.0,0.0,0.0,0.0,0.0,0.0,0.0,0.0,0.0,0.0,0.0,0.0,0.0,0.0,0.0,0.0,0.0,0.0,0.0,0.0,0.0,0.0,0.0,0.0,0.0,0.0,0.0,0.0,0.0,0.0,0.0,0.0,0.0,0.0,0.0,0.0,0.0,0.0,0.0,0.0,0.0,0.0,0.0,0.07142857142857142,0.0,0.0
Thunderbird,0.45963060686015833,0.0,0.002638522427440633,0.0,0.0005277044854881266,0.0,0.0,0.002638522427440633,0.0,0.0021108179419525065,0.0079155672823219,0.0,0.0,0.0,0.0,0.0010554089709762533,0.0,0.0,0.0,0.0,0.0,0.0,0.0,0.0,0.28073878627968335,0.0005277044854881266,0.0,0.0,0.013720316622691292,0.0,0.0015831134564643799,0.0021108179419525065,0.0063324538258575196,0.0015831134564643799,0.0031662269129287598,0.008970976253298154,0.0010554089709762533,0.0,0.0,0.0,0.0,0.0015831134564643799,0.0,0.002638522427440633,0.0,0.0005277044854881266,0.0,0.002638522427440633,0.0,0.016358839050131926,0.0021108179419525065,0.0010554089709762533,0.0,0.0063324538258575196,0.0733509234828496,0.005277044854881266,0.0,0.0005277044854881266,0.0005277044854881266,0.0,0.0005277044854881266,0.0010554089709762533,0.0005277044854881266,0.0,0.0,0.019525065963060684,0.0,0.0021108179419525065,0.0010554089709762533,0.007387862796833773,0.0,0.0,0.0,0.0005277044854881266,0.0,0.01108179419525066,0.00474934036939314,0.0005277044854881266,0.0,0.0005277044854881266,0.0005277044854881266,0.0079155672823219,0.0,0.0,0.0,0.023746701846965697,0.0005277044854881266,0.0,0.0005277044854881266,0.0021108179419525065,0.002638522427440633,0.0,0.0,0.0005277044854881266,0.0021108179419525065,0.0005277044854881266,0.0
Toolkit,0.5075606844409073,0.002785515320334262,0.001392757660167131,0.0,0.00019896538002387584,0.047154795065658575,0.03402307998408277,0.0019896538002387586,0.0003979307600477517,0.0017906884202148826,0.0029844807003581377,0.0003979307600477517,0.0003979307600477517,0.0003979307600477517,0.0,0.0007958615200955034,0.0,0.00238758456028651,0.0,0.0,0.0007958615200955034,0.0,0.00019896538002387584,0.0,0.004178272980501393,0.0009948269001193793,0.00019896538002387584,0.00019896538002387584,0.010744130521289296,0.004377238360525269,0.04974134500596896,0.003979307600477517,0.010147234381217668,0.006366892160764027,0.0003979307600477517,0.05133306804615997,0.0015917230401910067,0.00019896538002387584,0.001193792280143255,0.0031834460803820135,0.003979307600477517,0.006565857540787903,0.0007958615200955034,0.0009948269001193793,0.001193792280143255,0.0009948269001193793,0.0019896538002387586,0.00238758456028651,0.0,0.027457222443294866,0.0015917230401910067,0.0003979307600477517,0.0,0.010147234381217668,0.06486271388778353,0.001193792280143255,0.0015917230401910067,0.002785515320334262,0.004178272980501393,0.0009948269001193793,0.0021886191802626344,0.0021886191802626344,0.0003979307600477517,0.00019896538002387584,0.0,0.008953442101074413,0.0003979307600477517,0.010147234381217668,0.0005968961400716276,0.0009948269001193793,0.0003979307600477517,0.00019896538002387584,0.0,0.0003979307600477517,0.0,0.00716275368085953,0.0003979307600477517,0.0009948269001193793,0.00019896538002387584,0.004377238360525269,0.0,0.01293274970155193,0.003780342220453641,0.009948269001193792,0.014723438121766812,0.016116195781933945,0.0,0.00019896538002387584,0.00019896538002387584,0.006565857540787903,0.004576203740549145,0.0003979307600477517,0.0,0.0005968961400716276,0.001193792280143255,0.0,0.0
Toolkit Graveyard,0.6666666666666666,0.007936507936507936,0.007936507936507936,0.0,0.0,0.0,0.0,0.0,0.0,0.0,0.0,0.007936507936507936,0.0,0.0,0.0,0.0,0.0,0.0,0.0,0.0,0.0,0.0,0.0,0.0,0.0,0.0,0.0,0.0,0.015873015873015872,0.0,0.0,0.0,0.0,0.007936507936507936,0.0,0.015873015873015872,0.007936507936507936,0.0,0.0,0.0,0.0,0.0,0.0,0.0,0.0,0.007936507936507936,0.0,0.0,0.0,0.03968253968253968,0.0,0.0,0.0,0.007936507936507936,0.047619047619047616,0.0,0.0,0.09523809523809523,0.0,0.0,0.0,0.0,0.0,0.0,0.0,0.0,0.0,0.0,0.007936507936507936,0.0,0.0,0.0,0.0,0.0,0.0,0.015873015873015872,0.007936507936507936,0.0,0.0,0.0,0.0,0.007936507936507936,0.0,0.0,0.0,0.023809523809523808,0.0,0.0,0.0,0.0,0.0,0.0,0.0,0.0,0.0,0.0,0.0
Tracking,1.0,0.0,0.0,0.0,0.0,0.0,0.0,0.0,0.0,0.0,0.0,0.0,0.0,0.0,0.0,0.0,0.0,0.0,0.0,0.0,0.0,0.0,0.0,0.0,0.0,0.0,0.0,0.0,0.0,0.0,0.0,0.0,0.0,0.0,0.0,0.0,0.0,0.0,0.0,0.0,0.0,0.0,0.0,0.0,0.0,0.0,0.0,0.0,0.0,0.0,0.0,0.0,0.0,0.0,0.0,0.0,0.0,0.0,0.0,0.0,0.0,0.0,0.0,0.0,0.0,0.0,0.0,0.0,0.0,0.0,0.0,0.0,0.0,0.0,0.0,0.0,0.0,0.0,0.0,0.0,0.0,0.0,0.0,0.0,0.0,0.0,0.0,0.0,0.0,0.0,0.0,0.0,0.0,0.0,0.0,0.0,0.0
Tracking Graveyard,0.6521739130434783,0.0,0.0,0.0,0.0,0.0,0.0,0.0,0.0,0.0,0.021739130434782608,0.0,0.0,0.0,0.0,0.0,0.0,0.0,0.0,0.0,0.0,0.0,0.0,0.0,0.0,0.0,0.0,0.021739130434782608,0.0,0.0,0.0,0.0,0.043478260869565216,0.0,0.0,0.0,0.0,0.0,0.0,0.0,0.0,0.21739130434782608,0.0,0.0,0.0,0.0,0.0,0.0,0.0,0.0,0.0,0.0,0.0,0.0,0.021739130434782608,0.0,0.0,0.0,0.0,0.0,0.021739130434782608,0.0,0.0,0.0,0.0,0.0,0.0,0.0,0.0,0.0,0.0,0.0,0.0,0.0,0.0,0.0,0.0,0.0,0.0,0.0,0.0,0.0,0.0,0.0,0.0,0.0,0.0,0.0,0.0,0.0,0.0,0.0,0.0,0.0,0.0,0.0,0.0
Tree Management,0.6456692913385826,0.031496062992125984,0.0,0.0,0.0,0.0,0.0,0.007874015748031496,0.0,0.0,0.0,0.0,0.0,0.0,0.007874015748031496,0.015748031496062992,0.0,0.0,0.0,0.0,0.007874015748031496,0.0,0.0,0.0,0.015748031496062992,0.0,0.0,0.0,0.0,0.0,0.0,0.0,0.0,0.007874015748031496,0.0,0.0,0.0,0.0,0.0,0.0,0.0,0.06299212598425197,0.0,0.0,0.0,0.0,0.0,0.0,0.031496062992125984,0.0,0.0,0.0,0.0,0.031496062992125984,0.07086614173228346,0.007874015748031496,0.0,0.007874015748031496,0.0,0.0,0.0,0.0,0.0,0.0,0.0,0.0,0.0,0.0,0.015748031496062992,0.007874015748031496,0.0,0.0,0.0,0.0,0.0,0.0,0.0,0.0,0.0,0.0,0.0,0.0,0.0,0.007874015748031496,0.0,0.007874015748031496,0.0,0.0,0.007874015748031496,0.0,0.0,0.0,0.0,0.0,0.0,0.0,0.0
Tree Management Graveyard,0.5555555555555556,0.2222222222222222,0.0,0.0,0.0,0.0,0.0,0.0,0.0,0.0,0.0,0.0,0.0,0.0,0.0,0.0,0.0,0.0,0.0,0.0,0.0,0.0,0.0,0.0,0.0,0.0,0.0,0.0,0.0,0.0,0.0,0.0,0.0,0.0,0.0,0.0,0.0,0.0,0.0,0.0,0.0,0.0,0.0,0.0,0.0,0.0,0.0,0.0,0.0,0.0,0.0,0.0,0.0,0.0,0.1111111111111111,0.0,0.0,0.1111111111111111,0.0,0.0,0.0,0.0,0.0,0.0,0.0,0.0,0.0,0.0,0.0,0.0,0.0,0.0,0.0,0.0,0.0,0.0,0.0,0.0,0.0,0.0,0.0,0.0,0.0,0.0,0.0,0.0,0.0,0.0,0.0,0.0,0.0,0.0,0.0,0.0,0.0,0.0,0.0
User Experience Design Graveyard,0.0,0.0,0.0,0.0,0.0,0.0,0.0,0.0,0.0,0.0,0.0,0.0,0.0,0.0,0.0,0.0,0.0,0.0,0.0,0.0,0.0,0.0,0.0,0.0,0.0,0.0,0.0,0.0,0.0,0.0,0.0,0.0,0.0,0.0,0.0,0.0,0.0,0.0,0.0,0.0,0.0,0.0,0.0,0.0,0.0,0.0,0.0,0.0,0.0,0.0,0.0,0.0,0.0,0.0,0.0,0.0,1.0,0.0,0.0,0.0,0.0,0.0,0.0,0.0,0.0,0.0,0.0,0.0,0.0,0.0,0.0,0.0,0.0,0.0,0.0,0.0,0.0,0.0,0.0,0.0,0.0,0.0,0.0,0.0,0.0,0.0,0.0,0.0,0.0,0.0,0.0,0.0,0.0,0.0,0.0,0.0,0.0
User Research,0.8181818181818182,0.022727272727272728,0.0,0.0,0.0,0.0,0.0,0.0,0.0,0.0,0.022727272727272728,0.0,0.0,0.0,0.0,0.0,0.0,0.0,0.0,0.0,0.0,0.0,0.0,0.0,0.0,0.0,0.0,0.0,0.0,0.0,0.0,0.0,0.0,0.0,0.0,0.0,0.0,0.0,0.0,0.0,0.0,0.045454545454545456,0.045454545454545456,0.0,0.0,0.0,0.0,0.0,0.0,0.0,0.0,0.0,0.0,0.0,0.0,0.0,0.0,0.0,0.0,0.0,0.0,0.0,0.0,0.0,0.0,0.0,0.0,0.022727272727272728,0.0,0.0,0.0,0.0,0.0,0.0,0.0,0.0,0.0,0.0,0.0,0.0,0.0,0.0,0.0,0.022727272727272728,0.0,0.0,0.0,0.0,0.0,0.0,0.0,0.0,0.0,0.0,0.0,0.0,0.0
Web Apps Graveyard,1.0,0.0,0.0,0.0,0.0,0.0,0.0,0.0,0.0,0.0,0.0,0.0,0.0,0.0,0.0,0.0,0.0,0.0,0.0,0.0,0.0,0.0,0.0,0.0,0.0,0.0,0.0,0.0,0.0,0.0,0.0,0.0,0.0,0.0,0.0,0.0,0.0,0.0,0.0,0.0,0.0,0.0,0.0,0.0,0.0,0.0,0.0,0.0,0.0,0.0,0.0,0.0,0.0,0.0,0.0,0.0,0.0,0.0,0.0,0.0,0.0,0.0,0.0,0.0,0.0,0.0,0.0,0.0,0.0,0.0,0.0,0.0,0.0,0.0,0.0,0.0,0.0,0.0,0.0,0.0,0.0,0.0,0.0,0.0,0.0,0.0,0.0,0.0,0.0,0.0,0.0,0.0,0.0,0.0,0.0,0.0,0.0
Web Compatibility,0.34635691657866946,0.0010559662090813093,0.0,0.0,0.0,0.0,0.0010559662090813093,0.005279831045406547,0.0,0.0,0.0,0.0010559662090813093,0.5015839493136219,0.0,0.005279831045406547,0.0010559662090813093,0.0,0.004223864836325237,0.0,0.0,0.008447729672650475,0.0,0.0,0.0021119324181626186,0.004223864836325237,0.0,0.0,0.0,0.0,0.0021119324181626186,0.0,0.0021119324181626186,0.04329461457233368,0.0031678986272439284,0.0,0.0031678986272439284,0.0021119324181626186,0.0,0.0,0.0010559662090813093,0.0,0.008447729672650475,0.0031678986272439284,0.0031678986272439284,0.0,0.0,0.0,0.0,0.0,0.0010559662090813093,0.0,0.0,0.0,0.0,0.010559662090813094,0.0021119324181626186,0.0,0.0,0.0021119324181626186,0.0,0.0,0.0,0.0,0.0,0.0,0.0,0.0,0.0031678986272439284,0.0,0.0010559662090813093,0.0,0.0,0.0,0.0,0.0,0.005279831045406547,0.005279831045406547,0.0010559662090813093,0.0,0.0010559662090813093,0.0,0.008447729672650475,0.0,0.0,0.0,0.0021119324181626186,0.0,0.0,0.0,0.0010559662090813093,0.0010559662090813093,0.0,0.0,0.0010559662090813093,0.0,0.0,0.0
WebExtensions,0.6231617647058824,0.0027573529411764708,0.0,0.0,0.0,0.0,0.0,0.0009191176470588235,0.0009191176470588235,0.0027573529411764708,0.0055147058823529415,0.0027573529411764708,0.0009191176470588235,0.0,0.0,0.0009191176470588235,0.0,0.0,0.0,0.0,0.0,0.0,0.0,0.0,0.001838235294117647,0.0009191176470588235,0.0,0.0009191176470588235,0.001838235294117647,0.006433823529411764,0.025735294117647058,0.007352941176470588,0.003676470588235294,0.011029411764705883,0.0027573529411764708,0.001838235294117647,0.0027573529411764708,0.0,0.0,0.007352941176470588,0.0,0.001838235294117647,0.0,0.0,0.0,0.0,0.0027573529411764708,0.0009191176470588235,0.0,0.009191176470588236,0.001838235294117647,0.0009191176470588235,0.0,0.0055147058823529415,0.11948529411764706,0.0009191176470588235,0.003676470588235294,0.030330882352941176,0.007352941176470588,0.0,0.0,0.0,0.0009191176470588235,0.0,0.0,0.0,0.0009191176470588235,0.0,0.0,0.0,0.0009191176470588235,0.0,0.0,0.0009191176470588235,0.0,0.0009191176470588235,0.0,0.0,0.0,0.0009191176470588235,0.0,0.004595588235294118,0.0027573529411764708,0.02389705882352941,0.0009191176470588235,0.013786764705882353,0.0,0.0,0.003676470588235294,0.007352941176470588,0.013786764705882353,0.0,0.0,0.01011029411764706,0.013786764705882353,0.0,0.0
Websites,0.8636363636363636,0.0,0.0,0.0,0.0,0.0,0.0,0.0,0.0,0.0,0.0,0.0,0.0,0.0,0.0,0.045454545454545456,0.0,0.0,0.0,0.0,0.0,0.0,0.0,0.0,0.0,0.0,0.0,0.0,0.0,0.0,0.0,0.0,0.0,0.0,0.0,0.045454545454545456,0.0,0.0,0.0,0.0,0.0,0.0,0.0,0.0,0.0,0.0,0.0,0.0,0.0,0.0,0.0,0.0,0.0,0.0,0.045454545454545456,0.0,0.0,0.0,0.0,0.0,0.0,0.0,0.0,0.0,0.0,0.0,0.0,0.0,0.0,0.0,0.0,0.0,0.0,0.0,0.0,0.0,0.0,0.0,0.0,0.0,0.0,0.0,0.0,0.0,0.0,0.0,0.0,0.0,0.0,0.0,0.0,0.0,0.0,0.0,0.0,0.0,0.0
Webtools,0.37037037037037035,0.0,0.0,0.0,0.0,0.0,0.0,0.0,0.0,0.0,0.0,0.0,0.0,0.0,0.0,0.0,0.0,0.0,0.0,0.0,0.0,0.0,0.0,0.0,0.0,0.0,0.0,0.0,0.037037037037037035,0.0,0.0,0.0,0.0,0.07407407407407407,0.0,0.0,0.0,0.0,0.0,0.037037037037037035,0.0,0.0,0.0,0.0,0.0,0.0,0.0,0.0,0.037037037037037035,0.0,0.0,0.0,0.0,0.0,0.3333333333333333,0.0,0.0,0.0,0.0,0.0,0.0,0.07407407407407407,0.0,0.0,0.0,0.0,0.0,0.0,0.037037037037037035,0.0,0.0,0.0,0.0,0.0,0.0,0.0,0.0,0.0,0.0,0.0,0.0,0.0,0.0,0.0,0.0,0.0,0.0,0.0,0.0,0.0,0.0,0.0,0.0,0.0,0.0,0.0,0.0
Webtools Graveyard,0.5,0.0,0.0,0.0,0.0,0.0,0.0,0.0,0.0,0.05555555555555555,0.2777777777777778,0.0,0.0,0.0,0.0,0.0,0.0,0.0,0.0,0.0,0.0,0.0,0.0,0.0,0.0,0.0,0.0,0.0,0.0,0.0,0.0,0.0,0.0,0.0,0.05555555555555555,0.0,0.0,0.0,0.0,0.0,0.0,0.0,0.0,0.05555555555555555,0.0,0.0,0.0,0.0,0.0,0.0,0.0,0.0,0.0,0.0,0.05555555555555555,0.0,0.0,0.0,0.0,0.0,0.0,0.0,0.0,0.0,0.0,0.0,0.0,0.0,0.0,0.0,0.0,0.0,0.0,0.0,0.0,0.0,0.0,0.0,0.0,0.0,0.0,0.0,0.0,0.0,0.0,0.0,0.0,0.0,0.0,0.0,0.0,0.0,0.0,0.0,0.0,0.0,0.0
addons.mozilla.org Graveyard,0.6,0.0,0.0,0.0,0.0,0.0,0.0,0.0,0.0,0.0,0.0,0.0,0.0,0.0,0.0,0.0,0.0,0.0,0.0,0.0,0.0,0.0,0.0,0.0,0.0,0.0,0.0,0.0,0.0,0.0,0.2,0.0,0.0,0.0,0.0,0.0,0.0,0.0,0.0,0.0,0.0,0.0,0.0,0.0,0.0,0.0,0.0,0.0,0.0,0.0,0.0,0.0,0.0,0.0,0.0,0.0,0.0,0.0,0.0,0.0,0.0,0.0,0.0,0.0,0.0,0.0,0.0,0.0,0.0,0.0,0.0,0.0,0.0,0.0,0.0,0.0,0.0,0.0,0.0,0.0,0.0,0.2,0.0,0.0,0.0,0.0,0.0,0.0,0.0,0.0,0.0,0.0,0.0,0.0,0.0,0.0,0.0
bugzilla.mozilla.org,0.5220264317180616,0.0,0.0022026431718061676,0.0,0.006607929515418502,0.0,0.0022026431718061676,0.006607929515418502,0.0022026431718061676,0.0,0.0,0.0022026431718061676,0.0,0.0022026431718061676,0.0,0.0,0.0,0.0,0.0,0.0,0.0,0.0,0.0,0.0,0.011013215859030838,0.0,0.0,0.0,0.0,0.0,0.0022026431718061676,0.004405286343612335,0.015418502202643172,0.0,0.006607929515418502,0.006607929515418502,0.00881057268722467,0.0,0.0,0.0022026431718061676,0.0,0.3039647577092511,0.00881057268722467,0.004405286343612335,0.0,0.0,0.0,0.0,0.0,0.011013215859030838,0.0,0.0,0.0022026431718061676,0.0,0.011013215859030838,0.0,0.0,0.00881057268722467,0.0,0.0,0.0,0.0,0.0,0.0,0.0,0.0,0.0,0.0,0.0,0.0,0.0,0.0,0.0,0.006607929515418502,0.0,0.0,0.0,0.0022026431718061676,0.0,0.0,0.0,0.015418502202643172,0.0,0.0022026431718061676,0.004405286343612335,0.015418502202643172,0.0,0.0,0.0,0.0,0.0,0.0,0.0,0.0,0.0,0.0,0.0
developer.mozilla.org,0.0,0.0,0.0,0.0,0.0,0.0,0.0,0.0,0.0,0.0,0.0,0.0,0.0,0.0,0.0,1.0,0.0,0.0,0.0,0.0,0.0,0.0,0.0,0.0,0.0,0.0,0.0,0.0,0.0,0.0,0.0,0.0,0.0,0.0,0.0,0.0,0.0,0.0,0.0,0.0,0.0,0.0,0.0,0.0,0.0,0.0,0.0,0.0,0.0,0.0,0.0,0.0,0.0,0.0,0.0,0.0,0.0,0.0,0.0,0.0,0.0,0.0,0.0,0.0,0.0,0.0,0.0,0.0,0.0,0.0,0.0,0.0,0.0,0.0,0.0,0.0,0.0,0.0,0.0,0.0,0.0,0.0,0.0,0.0,0.0,0.0,0.0,0.0,0.0,0.0,0.0,0.0,0.0,0.0,0.0,0.0,0.0
developer.mozilla.org Graveyard,0.6296296296296297,0.0,0.0,0.0,0.0,0.0,0.0,0.0,0.0,0.0,0.0,0.0,0.0,0.0,0.0,0.0,0.0,0.0,0.0,0.0,0.0,0.0,0.0,0.0,0.0,0.0,0.0,0.0,0.0,0.0,0.0,0.0,0.0,0.0,0.0,0.037037037037037035,0.0,0.0,0.037037037037037035,0.0,0.0,0.0,0.0,0.0,0.0,0.0,0.0,0.0,0.037037037037037035,0.0,0.0,0.0,0.0,0.037037037037037035,0.0,0.0,0.0,0.0,0.0,0.0,0.1111111111111111,0.0,0.0,0.0,0.0,0.0,0.07407407407407407,0.0,0.037037037037037035,0.0,0.0,0.0,0.0,0.0,0.0,0.0,0.0,0.0,0.0,0.0,0.0,0.0,0.0,0.0,0.0,0.0,0.0,0.0,0.0,0.0,0.0,0.0,0.0,0.0,0.0,0.0,0.0
mozilla.org,0.7571428571428571,0.0,0.0,0.0,0.0,0.0,0.0,0.02857142857142857,0.0,0.0,0.0,0.0,0.0,0.0,0.0,0.0,0.0,0.0,0.014285714285714285,0.0,0.0,0.0,0.0,0.0,0.014285714285714285,0.0,0.0,0.0,0.0,0.0,0.0,0.0,0.0,0.0,0.014285714285714285,0.0,0.014285714285714285,0.0,0.0,0.014285714285714285,0.0,0.02857142857142857,0.07142857142857142,0.0,0.0,0.0,0.0,0.0,0.014285714285714285,0.0,0.0,0.0,0.0,0.0,0.0,0.0,0.0,0.0,0.0,0.0,0.0,0.0,0.0,0.0,0.0,0.0,0.0,0.0,0.0,0.0,0.0,0.0,0.0,0.0,0.0,0.0,0.0,0.0,0.014285714285714285,0.0,0.0,0.0,0.0,0.0,0.0,0.0,0.0,0.0,0.0,0.0,0.014285714285714285,0.0,0.0,0.0,0.0,0.0,0.0
mozilla.org Graveyard,1.0,0.0,0.0,0.0,0.0,0.0,0.0,0.0,0.0,0.0,0.0,0.0,0.0,0.0,0.0,0.0,0.0,0.0,0.0,0.0,0.0,0.0,0.0,0.0,0.0,0.0,0.0,0.0,0.0,0.0,0.0,0.0,0.0,0.0,0.0,0.0,0.0,0.0,0.0,0.0,0.0,0.0,0.0,0.0,0.0,0.0,0.0,0.0,0.0,0.0,0.0,0.0,0.0,0.0,0.0,0.0,0.0,0.0,0.0,0.0,0.0,0.0,0.0,0.0,0.0,0.0,0.0,0.0,0.0,0.0,0.0,0.0,0.0,0.0,0.0,0.0,0.0,0.0,0.0,0.0,0.0,0.0,0.0,0.0,0.0,0.0,0.0,0.0,0.0,0.0,0.0,0.0,0.0,0.0,0.0,0.0,0.0
support.mozilla.org,0.47058823529411764,0.0,0.0,0.0,0.0,0.0,0.0,0.0,0.0,0.0,0.11764705882352941,0.0,0.0,0.0,0.0,0.0,0.0,0.0,0.0,0.0,0.0,0.0,0.0,0.0,0.0,0.0,0.0,0.0,0.0,0.0,0.0,0.0,0.058823529411764705,0.0,0.0,0.11764705882352941,0.0,0.0,0.0,0.0,0.0,0.17647058823529413,0.0,0.0,0.0,0.0,0.0,0.0,0.0,0.0,0.0,0.0,0.0,0.0,0.0,0.0,0.0,0.0,0.0,0.0,0.0,0.0,0.0,0.0,0.0,0.0,0.0,0.0,0.0,0.0,0.0,0.0,0.0,0.0,0.0,0.0,0.0,0.0,0.0,0.0,0.0,0.058823529411764705,0.0,0.0,0.0,0.0,0.0,0.0,0.0,0.0,0.0,0.0,0.0,0.0,0.0,0.0,0.0
www.mozilla.org,0.6818181818181818,0.0,0.0,0.0,0.0,0.0,0.0,0.0,0.0,0.0,0.09090909090909091,0.0,0.0,0.0,0.0,0.0,0.0,0.0,0.0,0.0,0.0,0.0,0.0,0.0,0.0,0.0,0.0,0.0,0.0,0.0,0.0,0.0,0.0,0.0,0.0,0.0,0.0,0.0,0.0,0.0,0.0,0.18181818181818182,0.0,0.0,0.0,0.0,0.0,0.0,0.0,0.0,0.0,0.0,0.0,0.0,0.045454545454545456,0.0,0.0,0.0,0.0,0.0,0.0,0.0,0.0,0.0,0.0,0.0,0.0,0.0,0.0,0.0,0.0,0.0,0.0,0.0,0.0,0.0,0.0,0.0,0.0,0.0,0.0,0.0,0.0,0.0,0.0,0.0,0.0,0.0,0.0,0.0,0.0,0.0,0.0,0.0,0.0,0.0,0.0
