op_sys,-1,0,1,2,3,4,5,6,7,8,9,10,11,12,13,14,15,16,17,18,19,20,21,22,23,24,25,26,27,28,29,30,31,32,33,34,35,36,37,38,39,40,41,42,43,44,45,46,47,48,49,50,51,52,53,54,55,56,57,58,59,60,61,62,63,64,65,66,67,68,69,70,71,72,73,74,75,76,77,78,79,80,81,82,83,84,85,86,87,88,89,90,91,92,93,94,95
AIX,0.375,0.0,0.0,0.0,0.0,0.0,0.0,0.0,0.0,0.0,0.0,0.0,0.0,0.0,0.0,0.0,0.0,0.0,0.0,0.0,0.0,0.0,0.0,0.0,0.125,0.0,0.0,0.0,0.0,0.0,0.0,0.0,0.0,0.0,0.0,0.0,0.0,0.0,0.0,0.0,0.0,0.0,0.0,0.0,0.0,0.0,0.0,0.0,0.0,0.125,0.0,0.0,0.0,0.0,0.125,0.0,0.0,0.0,0.0,0.0,0.0,0.25,0.0,0.0,0.0,0.0,0.0,0.0,0.0,0.0,0.0,0.0,0.0,0.0,0.0,0.0,0.0,0.0,0.0,0.0,0.0,0.0,0.0,0.0,0.0,0.0,0.0,0.0,0.0,0.0,0.0,0.0,0.0,0.0,0.0,0.0,0.0
All,0.5497124899705804,0.0010698047606311847,0.005549612195774272,0.035504145493447443,6.686279753944904e-05,0.0035771596683605244,0.00280823749665686,0.0018052955335651243,3.343139876972452e-05,0.0002674511901577962,0.0026410805028082374,0.0003008825889275207,0.0013706873495587055,0.0014375501470981545,0.0007354907729339395,0.013339128109120085,0.0007354907729339395,0.0011032361594009094,0.004312650441294464,0.004145493447445841,0.0034100026745119017,0.00043460818400641884,0.001136667558170634,0.013272265311580636,0.0087255950788981,0.0007354907729339395,0.00010029419630917357,0.0010363733618614602,0.010831773201390745,0.002941963091735758,0.006452259962556833,0.0011032361594009094,0.010029419630917358,0.0007354907729339395,0.0024070607114201658,0.006151377373629313,0.0006686279753944905,0.0011032361594009094,0.00280823749665686,0.0020727467237229204,0.0002340197913880717,0.004112062048676117,0.0003008825889275207,0.005883926183471516,0.0019390211286440225,0.001470981545867879,0.00036774538646696975,0.0002340197913880717,0.00020058839261834715,0.014074618882054026,0.0015378443434073282,0.00020058839261834715,0.01611393420700722,0.0009026477667825622,0.008525006686279753,0.000702059374164215,0.0006017651778550414,0.001136667558170634,0.0030756886868146564,0.00033431398769724526,0.0008692163680128377,0.0015712757421770527,0.012202460550949451,0.008391281091200856,0.004178924846215566,0.00033431398769724526,0.0002674511901577962,0.0018721583311045735,0.0020058839261834715,0.0006351965766247659,0.0017718641347953998,0.0018721583311045735,0.002306766515110992,0.00738833912810912,0.006218240171168761,0.0036774538646696976,0.0030422572880449317,0.002340197913880717,0.009293928857983419,0.004412944637603638,6.686279753944904e-05,0.009494517250601766,0.00020058839261834715,0.0002340197913880717,0.00010029419630917357,0.004747258625300883,0.0021396095212623694,0.028416688954265846,0.046803958277614334,0.0031091200855843807,0.002340197913880717,0.006218240171168761,0.0072546135330302216,0.0016715699384862264,0.0016715699384862264,0.037877774806097886,0.0043795132388339125
Android,0.5344827586206896,0.0037893141341417205,0.00018946570670708602,0.0,0.00037893141341417203,0.0011367942402425162,0.00037893141341417203,0.0015157256536566881,0.027851458885941646,0.0,0.03296703296703297,0.0005683971201212581,0.025198938992042442,0.0,0.0015157256536566881,0.00018946570670708602,0.001326259946949602,0.0015157256536566881,0.00018946570670708602,0.00037893141341417203,0.004547176960970065,0.00037893141341417203,0.0017051913603637742,0.00018946570670708602,0.0011367942402425162,0.0,0.00018946570670708602,0.00037893141341417203,0.00037893141341417203,0.003220917014020462,0.0007578628268283441,0.008525956801818871,0.022167487684729065,0.003220917014020462,0.0024630541871921183,0.010610079575596816,0.002652519893899204,0.0,0.0,0.031072375899962108,0.009283819628647215,0.0024630541871921183,0.013073133762788935,0.00018946570670708602,0.00037893141341417203,0.0,0.0007578628268283441,0.0007578628268283441,0.0,0.05627131489200455,0.00037893141341417203,0.0,0.00018946570670708602,0.0007578628268283441,0.021220159151193633,0.0024630541871921183,0.0009473285335354301,0.0007578628268283441,0.014588859416445624,0.0,0.00018946570670708602,0.00018946570670708602,0.00018946570670708602,0.0,0.0,0.0,0.002652519893899204,0.002652519893899204,0.0018946570670708603,0.006631299734748011,0.00018946570670708602,0.0,0.00037893141341417203,0.0,0.0,0.004357711254262978,0.0018946570670708603,0.00037893141341417203,0.0007578628268283441,0.009473285335354301,0.004547176960970065,0.023114816218264493,0.00037893141341417203,0.001326259946949602,0.0009473285335354301,0.012125805229253505,0.0,0.0,0.00018946570670708602,0.010231148162182645,0.03372489579386131,0.0,0.00037893141341417203,0.02482000757862827,0.004547176960970065,0.0,0.00018946570670708602
BeOS,0.5,0.0,0.0,0.0,0.0,0.0,0.0,0.0,0.0,0.0,0.0,0.0,0.0,0.0,0.0,0.0,0.0,0.0,0.0,0.0,0.0,0.0,0.0,0.0,0.0,0.0,0.0,0.16666666666666666,0.16666666666666666,0.0,0.0,0.0,0.0,0.0,0.0,0.0,0.0,0.0,0.0,0.0,0.0,0.0,0.0,0.0,0.0,0.0,0.0,0.0,0.0,0.16666666666666666,0.0,0.0,0.0,0.0,0.0,0.0,0.0,0.0,0.0,0.0,0.0,0.0,0.0,0.0,0.0,0.0,0.0,0.0,0.0,0.0,0.0,0.0,0.0,0.0,0.0,0.0,0.0,0.0,0.0,0.0,0.0,0.0,0.0,0.0,0.0,0.0,0.0,0.0,0.0,0.0,0.0,0.0,0.0,0.0,0.0,0.0,0.0
FreeBSD,0.5416666666666666,0.0,0.0,0.0,0.0,0.0,0.0,0.0,0.0,0.0,0.0,0.0,0.0,0.0,0.0,0.0,0.041666666666666664,0.0,0.0,0.0,0.041666666666666664,0.0,0.0,0.0,0.0,0.0,0.0,0.0,0.0,0.0,0.0,0.0,0.041666666666666664,0.0,0.0,0.0,0.041666666666666664,0.0,0.0,0.041666666666666664,0.0,0.0,0.0,0.0,0.0,0.0,0.0,0.0,0.0,0.16666666666666666,0.0,0.0,0.0,0.0,0.0,0.0,0.0,0.0,0.0,0.0,0.0,0.08333333333333333,0.0,0.0,0.0,0.0,0.0,0.0,0.0,0.0,0.0,0.0,0.0,0.0,0.0,0.0,0.0,0.0,0.0,0.0,0.0,0.0,0.0,0.0,0.0,0.0,0.0,0.0,0.0,0.0,0.0,0.0,0.0,0.0,0.0,0.0,0.0
Gonk (Firefox OS),0.5853658536585366,0.010452961672473868,0.0,0.0,0.0,0.0,0.003484320557491289,0.0,0.0,0.0,0.006968641114982578,0.0,0.003484320557491289,0.0,0.0,0.0,0.0,0.017421602787456445,0.0,0.0,0.08013937282229965,0.006968641114982578,0.013937282229965157,0.0,0.013937282229965157,0.003484320557491289,0.0,0.003484320557491289,0.003484320557491289,0.013937282229965157,0.0,0.0,0.10104529616724739,0.006968641114982578,0.003484320557491289,0.003484320557491289,0.0,0.0,0.0,0.010452961672473868,0.003484320557491289,0.017421602787456445,0.003484320557491289,0.0,0.0,0.0,0.0,0.0,0.0,0.013937282229965157,0.006968641114982578,0.0,0.0,0.0,0.017421602787456445,0.0,0.0,0.0,0.0,0.0,0.003484320557491289,0.006968641114982578,0.0,0.003484320557491289,0.0,0.0,0.0,0.0,0.0,0.0,0.0,0.0,0.0,0.0,0.0,0.003484320557491289,0.020905923344947737,0.0,0.0,0.003484320557491289,0.0,0.0,0.0,0.0,0.0,0.0,0.0,0.0,0.0,0.0,0.003484320557491289,0.0,0.0,0.0,0.0,0.0,0.0
HP-UX,1.0,0.0,0.0,0.0,0.0,0.0,0.0,0.0,0.0,0.0,0.0,0.0,0.0,0.0,0.0,0.0,0.0,0.0,0.0,0.0,0.0,0.0,0.0,0.0,0.0,0.0,0.0,0.0,0.0,0.0,0.0,0.0,0.0,0.0,0.0,0.0,0.0,0.0,0.0,0.0,0.0,0.0,0.0,0.0,0.0,0.0,0.0,0.0,0.0,0.0,0.0,0.0,0.0,0.0,0.0,0.0,0.0,0.0,0.0,0.0,0.0,0.0,0.0,0.0,0.0,0.0,0.0,0.0,0.0,0.0,0.0,0.0,0.0,0.0,0.0,0.0,0.0,0.0,0.0,0.0,0.0,0.0,0.0,0.0,0.0,0.0,0.0,0.0,0.0,0.0,0.0,0.0,0.0,0.0,0.0,0.0,0.0
IRIX,1.0,0.0,0.0,0.0,0.0,0.0,0.0,0.0,0.0,0.0,0.0,0.0,0.0,0.0,0.0,0.0,0.0,0.0,0.0,0.0,0.0,0.0,0.0,0.0,0.0,0.0,0.0,0.0,0.0,0.0,0.0,0.0,0.0,0.0,0.0,0.0,0.0,0.0,0.0,0.0,0.0,0.0,0.0,0.0,0.0,0.0,0.0,0.0,0.0,0.0,0.0,0.0,0.0,0.0,0.0,0.0,0.0,0.0,0.0,0.0,0.0,0.0,0.0,0.0,0.0,0.0,0.0,0.0,0.0,0.0,0.0,0.0,0.0,0.0,0.0,0.0,0.0,0.0,0.0,0.0,0.0,0.0,0.0,0.0,0.0,0.0,0.0,0.0,0.0,0.0,0.0,0.0,0.0,0.0,0.0,0.0,0.0
Linux,0.4515086206896552,0.005028735632183908,0.0028735632183908046,0.0,0.0,0.00035919540229885057,0.0010775862068965517,0.002514367816091954,0.0,0.0,0.0021551724137931034,0.00035919540229885057,0.011494252873563218,0.0017959770114942528,0.00610632183908046,0.00035919540229885057,0.005028735632183908,0.0010775862068965517,0.0007183908045977011,0.0,0.010416666666666666,0.00035919540229885057,0.004310344827586207,0.0,0.01221264367816092,0.0,0.0,0.0017959770114942528,0.008261494252873564,0.014367816091954023,0.0,0.0010775862068965517,0.017600574712643677,0.0017959770114942528,0.0007183908045977011,0.00035919540229885057,0.0010775862068965517,0.0017959770114942528,0.002514367816091954,0.00035919540229885057,0.00035919540229885057,0.005387931034482759,0.0010775862068965517,0.011135057471264368,0.0305316091954023,0.05172413793103448,0.0,0.0010775862068965517,0.00035919540229885057,0.07686781609195402,0.0010775862068965517,0.00035919540229885057,0.0007183908045977011,0.00035919540229885057,0.015086206896551725,0.004310344827586207,0.0,0.00035919540229885057,0.003232758620689655,0.0007183908045977011,0.0035919540229885057,0.00610632183908046,0.0,0.0,0.0,0.0,0.00035919540229885057,0.005747126436781609,0.011494252873563218,0.0007183908045977011,0.00035919540229885057,0.0021551724137931034,0.15014367816091953,0.0010775862068965517,0.0,0.003232758620689655,0.005747126436781609,0.00610632183908046,0.0021551724137931034,0.0017959770114942528,0.0,0.004310344827586207,0.00035919540229885057,0.0007183908045977011,0.0,0.00610632183908046,0.002514367816091954,0.00035919540229885057,0.0,0.003951149425287357,0.0028735632183908046,0.0,0.0,0.0014367816091954023,0.00035919540229885057,0.0,0.0
Mac System 8.0,1.0,0.0,0.0,0.0,0.0,0.0,0.0,0.0,0.0,0.0,0.0,0.0,0.0,0.0,0.0,0.0,0.0,0.0,0.0,0.0,0.0,0.0,0.0,0.0,0.0,0.0,0.0,0.0,0.0,0.0,0.0,0.0,0.0,0.0,0.0,0.0,0.0,0.0,0.0,0.0,0.0,0.0,0.0,0.0,0.0,0.0,0.0,0.0,0.0,0.0,0.0,0.0,0.0,0.0,0.0,0.0,0.0,0.0,0.0,0.0,0.0,0.0,0.0,0.0,0.0,0.0,0.0,0.0,0.0,0.0,0.0,0.0,0.0,0.0,0.0,0.0,0.0,0.0,0.0,0.0,0.0,0.0,0.0,0.0,0.0,0.0,0.0,0.0,0.0,0.0,0.0,0.0,0.0,0.0,0.0,0.0,0.0
Mac System 8.5,0.5058823529411764,0.0,0.023529411764705882,0.0,0.0,0.0,0.0,0.0,0.0,0.0,0.0,0.0,0.0,0.0,0.0,0.0,0.0,0.0,0.0,0.0,0.023529411764705882,0.0,0.0,0.0,0.09411764705882353,0.0,0.0,0.0,0.058823529411764705,0.011764705882352941,0.0,0.023529411764705882,0.03529411764705882,0.0,0.0,0.011764705882352941,0.0,0.0,0.0,0.0,0.0,0.023529411764705882,0.0,0.011764705882352941,0.0,0.0,0.0,0.0,0.0,0.058823529411764705,0.0,0.0,0.0,0.0,0.011764705882352941,0.0,0.0,0.0,0.011764705882352941,0.0,0.0,0.0,0.0,0.0,0.0,0.0,0.0,0.023529411764705882,0.0,0.0,0.0,0.0,0.0,0.0,0.0,0.011764705882352941,0.03529411764705882,0.0,0.0,0.0,0.0,0.011764705882352941,0.0,0.0,0.0,0.0,0.0,0.0,0.0,0.0,0.011764705882352941,0.0,0.0,0.0,0.0,0.0,0.0
Mac System 8.6,0.7241379310344828,0.0,0.034482758620689655,0.0,0.0,0.0,0.0,0.0,0.0,0.0,0.0,0.0,0.0,0.0,0.0,0.0,0.0,0.0,0.0,0.0,0.0,0.0,0.0,0.0,0.0,0.0,0.0,0.0,0.0,0.0,0.0,0.0,0.0,0.0,0.0,0.0,0.0,0.0,0.0,0.0,0.0,0.034482758620689655,0.0,0.034482758620689655,0.0,0.0,0.0,0.0,0.0,0.06896551724137931,0.0,0.034482758620689655,0.0,0.0,0.0,0.0,0.0,0.0,0.0,0.0,0.0,0.0,0.0,0.0,0.0,0.0,0.0,0.0,0.0,0.0,0.0,0.0,0.0,0.0,0.0,0.034482758620689655,0.034482758620689655,0.0,0.0,0.0,0.0,0.0,0.0,0.0,0.0,0.0,0.0,0.0,0.0,0.0,0.0,0.0,0.0,0.0,0.0,0.0,0.0
Mac System 9.x,0.75,0.0,0.0,0.0,0.0,0.0,0.0,0.0,0.0,0.0,0.0,0.0,0.0,0.0,0.0,0.0,0.0,0.0,0.0,0.0,0.0,0.0,0.0,0.0,0.125,0.0,0.0,0.0,0.0,0.0,0.0,0.0,0.0,0.0,0.0,0.125,0.0,0.0,0.0,0.0,0.0,0.0,0.0,0.0,0.0,0.0,0.0,0.0,0.0,0.0,0.0,0.0,0.0,0.0,0.0,0.0,0.0,0.0,0.0,0.0,0.0,0.0,0.0,0.0,0.0,0.0,0.0,0.0,0.0,0.0,0.0,0.0,0.0,0.0,0.0,0.0,0.0,0.0,0.0,0.0,0.0,0.0,0.0,0.0,0.0,0.0,0.0,0.0,0.0,0.0,0.0,0.0,0.0,0.0,0.0,0.0,0.0
Maemo,0.6666666666666666,0.0,0.0,0.0,0.0,0.0,0.0,0.0,0.0,0.0,0.0,0.0,0.0,0.0,0.0,0.0,0.0,0.1111111111111111,0.0,0.0,0.0,0.0,0.0,0.0,0.0,0.0,0.0,0.0,0.0,0.0,0.0,0.0,0.2222222222222222,0.0,0.0,0.0,0.0,0.0,0.0,0.0,0.0,0.0,0.0,0.0,0.0,0.0,0.0,0.0,0.0,0.0,0.0,0.0,0.0,0.0,0.0,0.0,0.0,0.0,0.0,0.0,0.0,0.0,0.0,0.0,0.0,0.0,0.0,0.0,0.0,0.0,0.0,0.0,0.0,0.0,0.0,0.0,0.0,0.0,0.0,0.0,0.0,0.0,0.0,0.0,0.0,0.0,0.0,0.0,0.0,0.0,0.0,0.0,0.0,0.0,0.0,0.0,0.0
OS/2,1.0,0.0,0.0,0.0,0.0,0.0,0.0,0.0,0.0,0.0,0.0,0.0,0.0,0.0,0.0,0.0,0.0,0.0,0.0,0.0,0.0,0.0,0.0,0.0,0.0,0.0,0.0,0.0,0.0,0.0,0.0,0.0,0.0,0.0,0.0,0.0,0.0,0.0,0.0,0.0,0.0,0.0,0.0,0.0,0.0,0.0,0.0,0.0,0.0,0.0,0.0,0.0,0.0,0.0,0.0,0.0,0.0,0.0,0.0,0.0,0.0,0.0,0.0,0.0,0.0,0.0,0.0,0.0,0.0,0.0,0.0,0.0,0.0,0.0,0.0,0.0,0.0,0.0,0.0,0.0,0.0,0.0,0.0,0.0,0.0,0.0,0.0,0.0,0.0,0.0,0.0,0.0,0.0,0.0,0.0,0.0,0.0
OpenBSD,0.6666666666666666,0.0,0.027777777777777776,0.0,0.0,0.0,0.0,0.0,0.0,0.0,0.0,0.0,0.0,0.0,0.0,0.0,0.0,0.0,0.0,0.0,0.05555555555555555,0.0,0.0,0.0,0.0,0.0,0.0,0.0,0.0,0.0,0.0,0.0,0.0,0.0,0.0,0.0,0.0,0.0,0.0,0.0,0.0,0.0,0.0,0.0,0.0,0.0,0.0,0.0,0.0,0.05555555555555555,0.0,0.0,0.0,0.0,0.027777777777777776,0.0,0.0,0.0,0.0,0.0,0.027777777777777776,0.1388888888888889,0.0,0.0,0.0,0.0,0.0,0.0,0.0,0.0,0.0,0.0,0.0,0.0,0.0,0.0,0.0,0.0,0.0,0.0,0.0,0.0,0.0,0.0,0.0,0.0,0.0,0.0,0.0,0.0,0.0,0.0,0.0,0.0,0.0,0.0,0.0
OpenVMS,1.0,0.0,0.0,0.0,0.0,0.0,0.0,0.0,0.0,0.0,0.0,0.0,0.0,0.0,0.0,0.0,0.0,0.0,0.0,0.0,0.0,0.0,0.0,0.0,0.0,0.0,0.0,0.0,0.0,0.0,0.0,0.0,0.0,0.0,0.0,0.0,0.0,0.0,0.0,0.0,0.0,0.0,0.0,0.0,0.0,0.0,0.0,0.0,0.0,0.0,0.0,0.0,0.0,0.0,0.0,0.0,0.0,0.0,0.0,0.0,0.0,0.0,0.0,0.0,0.0,0.0,0.0,0.0,0.0,0.0,0.0,0.0,0.0,0.0,0.0,0.0,0.0,0.0,0.0,0.0,0.0,0.0,0.0,0.0,0.0,0.0,0.0,0.0,0.0,0.0,0.0,0.0,0.0,0.0,0.0,0.0,0.0
Other,0.6296296296296297,0.0,0.0,0.0,0.0,0.0,0.0,0.012345679012345678,0.0,0.0,0.006172839506172839,0.0,0.006172839506172839,0.0,0.0,0.0,0.0,0.0,0.0,0.0,0.0,0.0,0.0,0.0,0.030864197530864196,0.0,0.0,0.0,0.030864197530864196,0.006172839506172839,0.0,0.006172839506172839,0.024691358024691357,0.006172839506172839,0.0,0.0,0.0,0.0,0.0,0.0,0.0,0.037037037037037035,0.006172839506172839,0.037037037037037035,0.0,0.0,0.0,0.0,0.0,0.030864197530864196,0.006172839506172839,0.0,0.0,0.0,0.006172839506172839,0.0,0.0,0.0,0.006172839506172839,0.0,0.006172839506172839,0.012345679012345678,0.0,0.0,0.0,0.006172839506172839,0.0,0.0,0.012345679012345678,0.0,0.0,0.0,0.0,0.0,0.0,0.012345679012345678,0.012345679012345678,0.006172839506172839,0.0,0.0,0.0,0.012345679012345678,0.0,0.0,0.0,0.018518518518518517,0.0,0.0,0.0,0.006172839506172839,0.006172839506172839,0.0,0.0,0.0,0.0,0.0,0.0
Solaris,0.4090909090909091,0.0,0.0,0.0,0.0,0.0,0.0,0.0,0.0,0.0,0.0,0.0,0.0,0.0,0.0,0.0,0.0,0.0,0.0,0.0,0.0,0.0,0.0,0.0,0.0,0.0,0.0,0.0,0.0,0.0,0.0,0.0,0.0,0.0,0.0,0.0,0.0,0.0,0.0,0.0,0.0,0.0,0.045454545454545456,0.0,0.0,0.045454545454545456,0.0,0.0,0.0,0.09090909090909091,0.0,0.0,0.0,0.0,0.0,0.0,0.0,0.0,0.0,0.0,0.0,0.22727272727272727,0.0,0.0,0.0,0.0,0.0,0.045454545454545456,0.045454545454545456,0.0,0.0,0.0,0.0,0.0,0.0,0.0,0.045454545454545456,0.0,0.0,0.0,0.0,0.0,0.0,0.0,0.0,0.0,0.0,0.0,0.0,0.0,0.045454545454545456,0.0,0.0,0.0,0.0,0.0,0.0
SunOS,0.0,0.0,0.0,0.0,0.0,0.0,0.0,0.0,0.0,0.0,0.0,0.0,0.0,0.0,0.0,0.0,0.0,0.0,0.0,0.0,0.0,0.0,0.0,0.0,0.0,0.0,0.0,0.0,0.0,0.0,0.0,0.0,1.0,0.0,0.0,0.0,0.0,0.0,0.0,0.0,0.0,0.0,0.0,0.0,0.0,0.0,0.0,0.0,0.0,0.0,0.0,0.0,0.0,0.0,0.0,0.0,0.0,0.0,0.0,0.0,0.0,0.0,0.0,0.0,0.0,0.0,0.0,0.0,0.0,0.0,0.0,0.0,0.0,0.0,0.0,0.0,0.0,0.0,0.0,0.0,0.0,0.0,0.0,0.0,0.0,0.0,0.0,0.0,0.0,0.0,0.0,0.0,0.0,0.0,0.0,0.0,0.0
Unspecified,0.5636333798309674,0.0088208747025519,0.0005128415524739477,0.0003692459177812423,0.0033437269221301387,0.001538524657421843,0.0016205793058176746,0.003261672273734307,0.00014359563469270534,0.0014974973332239272,0.00783621892180192,0.001107737753343727,0.0015590383195208009,0.0077746779355050465,0.003241158611635349,0.0018667432510051695,0.002215475506687454,0.0009846557807499795,0.0002871912693854107,0.0009641421186510216,0.004841224255354066,0.0014154426848280955,0.0017846886026093378,0.00012308197259374744,0.011487650775416428,0.0029129400180520227,0.003712972839911381,0.001087224091244769,0.01518010995322885,0.006195125953885288,0.0025642077623697383,0.00695413145154673,0.012021005989989333,0.009928612455895627,0.010728645277754984,0.0047181422827603185,0.0027693443833593174,0.0006359235250676951,0.002871912693854107,0.003302699597932223,0.002666776072864528,0.00744645934192172,0.002892426355953065,0.0022975301550832855,0.006707967506359235,0.007097727086239436,0.0015795519816197588,0.005928448346598835,0.0038565684746040864,0.015221137277426766,0.00441043735127595,0.0016616066300155904,0.0012513333880364323,0.008431115122671699,0.08447526052350866,0.009559366538114384,0.0025026667760728646,0.006338721588577993,0.001743661278411422,0.0018872569131041274,0.005230983835234266,0.004595060310166571,0.0007590054976614425,0.0014974973332239272,0.00045130056617707394,0.0024616394518749488,0.003897595798802002,0.0025642077623697383,0.0023385574792812013,0.0020513662098957906,0.0012513333880364323,0.0023180438171822434,0.007590054976614425,0.0005743825387708214,0.00022565028308853697,0.0036719455157134652,0.0021129071961926644,0.002010338885697875,0.0013949290227291376,0.0015590383195208009,0.0009641421186510216,0.010851727250348732,0.0016616066300155904,0.005620743415114466,0.004861737917453024,0.00871830639205711,0.0021129071961926644,0.0007384918355624846,0.0009231147944531058,0.003282185935833265,0.004595060310166571,0.00020513662098957906,0.0002666776072864528,0.00783621892180192,0.002666776072864528,0.00016410929679166325,0.00020513662098957906
Windows,0.5035161744022504,0.008438818565400843,0.0014064697609001407,0.0,0.0,0.0035161744022503515,0.0,0.0014064697609001407,0.0,0.0,0.0035161744022503515,0.0,0.0007032348804500703,0.006329113924050633,0.008438818565400843,0.0007032348804500703,0.004922644163150493,0.0,0.0,0.002109704641350211,0.006329113924050633,0.0007032348804500703,0.004219409282700422,0.0,0.010548523206751054,0.0014064697609001407,0.0,0.0007032348804500703,0.005625879043600563,0.02812939521800281,0.0014064697609001407,0.0007032348804500703,0.016877637130801686,0.0035161744022503515,0.002109704641350211,0.006329113924050633,0.0007032348804500703,0.0,0.0028129395218002813,0.0,0.0,0.0035161744022503515,0.0,0.0028129395218002813,0.004922644163150493,0.009845288326300985,0.0007032348804500703,0.0028129395218002813,0.0007032348804500703,0.16033755274261605,0.0035161744022503515,0.0,0.0007032348804500703,0.0,0.030942334739803096,0.0007032348804500703,0.0007032348804500703,0.0035161744022503515,0.006329113924050633,0.0,0.002109704641350211,0.0189873417721519,0.0,0.0014064697609001407,0.0,0.0,0.0,0.004219409282700422,0.005625879043600563,0.0014064697609001407,0.0,0.0007032348804500703,0.0,0.0007032348804500703,0.0,0.012658227848101266,0.006329113924050633,0.004219409282700422,0.0007032348804500703,0.03656821378340366,0.0,0.0028129395218002813,0.0028129395218002813,0.0,0.0007032348804500703,0.02109704641350211,0.0007032348804500703,0.0,0.0,0.0007032348804500703,0.0028129395218002813,0.0,0.0,0.0028129395218002813,0.0007032348804500703,0.0,0.0
Windows 10,0.3496557000765111,0.001530221882172915,0.0,0.0,0.0,0.051262433052792655,0.0022953328232593728,0.0007651109410864575,0.0,0.0,0.0038255547054322878,0.0007651109410864575,0.19204284621270085,0.0,0.00612088752869166,0.0007651109410864575,0.001530221882172915,0.0,0.0,0.0,0.0038255547054322878,0.0,0.0007651109410864575,0.0007651109410864575,0.0045906656465187455,0.0,0.0,0.001530221882172915,0.0,0.013006885998469778,0.0,0.0,0.030604437643458302,0.0,0.0022953328232593728,0.0038255547054322878,0.0022953328232593728,0.0,0.0022953328232593728,0.0,0.0,0.00306044376434583,0.0,0.001530221882172915,0.0,0.001530221882172915,0.0,0.0007651109410864575,0.001530221882172915,0.1943381790359602,0.0,0.0,0.0,0.0,0.01224177505738332,0.0022953328232593728,0.0,0.0007651109410864575,0.0045906656465187455,0.0007651109410864575,0.0007651109410864575,0.0007651109410864575,0.0007651109410864575,0.0007651109410864575,0.0,0.0,0.0007651109410864575,0.00306044376434583,0.005355776587605203,0.0,0.0,0.0,0.0,0.0007651109410864575,0.0007651109410864575,0.014537107880642693,0.0076511094108645756,0.00612088752869166,0.0,0.01224177505738332,0.0,0.00612088752869166,0.0,0.0,0.0,0.023718439173680182,0.0,0.001530221882172915,0.0,0.0076511094108645756,0.00306044376434583,0.0007651109410864575,0.0,0.0007651109410864575,0.0022953328232593728,0.0,0.0
Windows 11,0.3074074074074074,0.0,0.0,0.0,0.0,0.011111111111111112,0.018518518518518517,0.003703703703703704,0.0,0.0,0.0,0.0,0.14814814814814814,0.003703703703703704,0.003703703703703704,0.0,0.0,0.0,0.0,0.0,0.0,0.0,0.0,0.0,0.0,0.0,0.0,0.007407407407407408,0.0,0.022222222222222223,0.0,0.0,0.007407407407407408,0.0,0.0,0.003703703703703704,0.0,0.0,0.0,0.0,0.0,0.0,0.0,0.0,0.0,0.003703703703703704,0.0,0.0,0.0,0.3037037037037037,0.0,0.0,0.0,0.0,0.014814814814814815,0.0,0.0,0.0,0.0,0.0,0.011111111111111112,0.0,0.0,0.0,0.0,0.0,0.0,0.003703703703703704,0.0,0.003703703703703704,0.0,0.0,0.0,0.0,0.0,0.025925925925925925,0.007407407407407408,0.003703703703703704,0.0,0.018518518518518517,0.0,0.003703703703703704,0.0,0.0,0.0,0.037037037037037035,0.0,0.0,0.0,0.011111111111111112,0.007407407407407408,0.0,0.0,0.007407407407407408,0.0,0.0,0.0
Windows 2000,0.3924050632911392,0.0,0.0759493670886076,0.0,0.0,0.0,0.0,0.0,0.0,0.0,0.012658227848101266,0.0,0.0,0.0,0.0,0.0,0.0,0.0,0.0,0.0,0.0,0.0,0.0,0.0,0.02531645569620253,0.0,0.0,0.012658227848101266,0.06329113924050633,0.02531645569620253,0.0,0.0,0.0379746835443038,0.0,0.0,0.0379746835443038,0.0,0.0,0.0,0.0,0.0,0.0,0.0,0.12658227848101267,0.0,0.012658227848101266,0.0,0.0,0.0,0.05063291139240506,0.0,0.0,0.0,0.0,0.0,0.0,0.0,0.0,0.012658227848101266,0.0,0.0,0.0,0.0,0.0,0.0,0.0,0.0,0.012658227848101266,0.02531645569620253,0.0,0.0,0.0,0.0,0.0,0.0,0.02531645569620253,0.02531645569620253,0.0,0.0,0.0,0.0,0.0,0.0,0.0,0.0,0.012658227848101266,0.0,0.0,0.0,0.0,0.0,0.0,0.0,0.0,0.012658227848101266,0.0,0.0
Windows 7,0.488929889298893,0.00922509225092251,0.0018450184501845018,0.0018450184501845018,0.0,0.0,0.0,0.0018450184501845018,0.0,0.0,0.0036900369003690036,0.0,0.0,0.0,0.0,0.0018450184501845018,0.005535055350553505,0.005535055350553505,0.0,0.0,0.01107011070110701,0.0,0.0,0.0,0.007380073800738007,0.0,0.0,0.005535055350553505,0.0018450184501845018,0.023985239852398525,0.0,0.0,0.042435424354243544,0.0,0.0036900369003690036,0.0036900369003690036,0.0,0.0,0.016605166051660517,0.0,0.0,0.007380073800738007,0.0,0.005535055350553505,0.0,0.0,0.0,0.0,0.0,0.14391143911439114,0.005535055350553505,0.0,0.0,0.0,0.01107011070110701,0.0018450184501845018,0.0,0.0,0.005535055350553505,0.0018450184501845018,0.0,0.0036900369003690036,0.0,0.0,0.0,0.0,0.0,0.00922509225092251,0.007380073800738007,0.0,0.0,0.0,0.0036900369003690036,0.0,0.0,0.016605166051660517,0.007380073800738007,0.07380073800738007,0.016605166051660517,0.0018450184501845018,0.0,0.012915129151291513,0.0,0.0,0.0,0.02029520295202952,0.0,0.0,0.0,0.0036900369003690036,0.0036900369003690036,0.0,0.0,0.0,0.0,0.0,0.0
Windows 8,0.5098039215686274,0.0,0.0,0.0,0.0,0.0,0.0,0.0,0.0,0.0,0.0,0.0,0.0,0.0,0.0,0.0,0.0,0.0,0.0,0.0,0.0196078431372549,0.0,0.0,0.0,0.0,0.0,0.0,0.0196078431372549,0.0,0.0,0.0,0.0,0.0196078431372549,0.0,0.0,0.0,0.0,0.0,0.0,0.0,0.0,0.0,0.0,0.0,0.0,0.0,0.0,0.0,0.0,0.2549019607843137,0.0,0.0,0.0,0.0,0.058823529411764705,0.0196078431372549,0.0,0.0,0.0,0.0,0.0,0.0196078431372549,0.0,0.0,0.0,0.0,0.0,0.0,0.0,0.0,0.0,0.0,0.0,0.0,0.0,0.0196078431372549,0.0,0.058823529411764705,0.0,0.0,0.0,0.0,0.0,0.0,0.0,0.0,0.0,0.0,0.0,0.0,0.0,0.0,0.0,0.0,0.0,0.0,0.0
Windows 8.1,0.5704225352112676,0.007042253521126761,0.0,0.0,0.0,0.0,0.0,0.0,0.0,0.0,0.0,0.0,0.0,0.0,0.0,0.0,0.007042253521126761,0.007042253521126761,0.0,0.0,0.007042253521126761,0.0,0.0,0.0,0.0,0.0,0.0,0.035211267605633804,0.007042253521126761,0.007042253521126761,0.0,0.0,0.06338028169014084,0.0,0.007042253521126761,0.0,0.0,0.0,0.014084507042253521,0.0,0.0,0.06338028169014084,0.0,0.0,0.0,0.0,0.0,0.0,0.0,0.028169014084507043,0.0,0.0,0.0,0.0,0.02112676056338028,0.0,0.0,0.0,0.0,0.0,0.007042253521126761,0.007042253521126761,0.0,0.0,0.0,0.0,0.0,0.007042253521126761,0.007042253521126761,0.0,0.0,0.0,0.0,0.0,0.0,0.014084507042253521,0.035211267605633804,0.028169014084507043,0.0,0.007042253521126761,0.0,0.035211267605633804,0.0,0.0,0.0,0.0,0.0,0.0,0.0,0.0,0.0,0.0,0.0,0.0,0.007042253521126761,0.0,0.0
Windows 95,0.6526315789473685,0.0,0.021052631578947368,0.0,0.010526315789473684,0.0,0.0,0.0,0.0,0.0,0.010526315789473684,0.0,0.0,0.0,0.0,0.010526315789473684,0.0,0.0,0.0,0.0,0.0,0.0,0.0,0.0,0.031578947368421054,0.0,0.0,0.0,0.010526315789473684,0.021052631578947368,0.0,0.021052631578947368,0.021052631578947368,0.010526315789473684,0.010526315789473684,0.0,0.0,0.010526315789473684,0.0,0.0,0.0,0.05263157894736842,0.0,0.0,0.0,0.0,0.0,0.0,0.0,0.042105263157894736,0.0,0.010526315789473684,0.0,0.0,0.010526315789473684,0.0,0.0,0.0,0.0,0.0,0.0,0.0,0.0,0.0,0.0,0.0,0.0,0.010526315789473684,0.0,0.010526315789473684,0.0,0.0,0.0,0.0,0.0,0.0,0.0,0.0,0.0,0.0,0.0,0.0,0.0,0.0,0.0,0.0,0.0,0.0,0.0,0.021052631578947368,0.0,0.0,0.0,0.0,0.0,0.0,0.0
Windows 98,0.528,0.008,0.032,0.0,0.0,0.008,0.0,0.0,0.0,0.0,0.008,0.0,0.016,0.0,0.0,0.0,0.0,0.008,0.0,0.0,0.0,0.0,0.0,0.0,0.08,0.0,0.0,0.0,0.0,0.0,0.0,0.008,0.056,0.0,0.0,0.0,0.0,0.0,0.0,0.0,0.0,0.032,0.0,0.032,0.0,0.0,0.0,0.0,0.0,0.048,0.0,0.0,0.0,0.0,0.008,0.0,0.0,0.0,0.032,0.0,0.0,0.008,0.0,0.0,0.0,0.0,0.0,0.024,0.008,0.0,0.0,0.0,0.0,0.0,0.0,0.008,0.0,0.0,0.0,0.0,0.0,0.016,0.0,0.0,0.0,0.008,0.0,0.008,0.0,0.008,0.008,0.0,0.0,0.0,0.0,0.0,0.0
Windows CE,0.5,0.0,0.0,0.0,0.0,0.0,0.0,0.0,0.0,0.0,0.0,0.0,0.0,0.0,0.0,0.0,0.0,0.0,0.0,0.0,0.0,0.0,0.0,0.0,0.0,0.0,0.0,0.0,0.0,0.0,0.0,0.0,0.0,0.0,0.0,0.0,0.0,0.0,0.0,0.5,0.0,0.0,0.0,0.0,0.0,0.0,0.0,0.0,0.0,0.0,0.0,0.0,0.0,0.0,0.0,0.0,0.0,0.0,0.0,0.0,0.0,0.0,0.0,0.0,0.0,0.0,0.0,0.0,0.0,0.0,0.0,0.0,0.0,0.0,0.0,0.0,0.0,0.0,0.0,0.0,0.0,0.0,0.0,0.0,0.0,0.0,0.0,0.0,0.0,0.0,0.0,0.0,0.0,0.0,0.0,0.0,0.0
Windows ME,1.0,0.0,0.0,0.0,0.0,0.0,0.0,0.0,0.0,0.0,0.0,0.0,0.0,0.0,0.0,0.0,0.0,0.0,0.0,0.0,0.0,0.0,0.0,0.0,0.0,0.0,0.0,0.0,0.0,0.0,0.0,0.0,0.0,0.0,0.0,0.0,0.0,0.0,0.0,0.0,0.0,0.0,0.0,0.0,0.0,0.0,0.0,0.0,0.0,0.0,0.0,0.0,0.0,0.0,0.0,0.0,0.0,0.0,0.0,0.0,0.0,0.0,0.0,0.0,0.0,0.0,0.0,0.0,0.0,0.0,0.0,0.0,0.0,0.0,0.0,0.0,0.0,0.0,0.0,0.0,0.0,0.0,0.0,0.0,0.0,0.0,0.0,0.0,0.0,0.0,0.0,0.0,0.0,0.0,0.0,0.0,0.0
Windows NT,0.5235955056179775,0.0,0.029213483146067417,0.0,0.0,0.006741573033707865,0.0022471910112359553,0.0044943820224719105,0.0,0.0,0.0022471910112359553,0.0,0.0022471910112359553,0.0,0.0,0.0022471910112359553,0.0,0.0,0.0022471910112359553,0.0,0.0022471910112359553,0.0,0.0,0.0,0.10337078651685393,0.0,0.0,0.0,0.033707865168539325,0.008988764044943821,0.0,0.01348314606741573,0.0044943820224719105,0.0,0.0,0.01348314606741573,0.0,0.0044943820224719105,0.0,0.0,0.0,0.011235955056179775,0.0,0.02247191011235955,0.0,0.0,0.0,0.0,0.0,0.11685393258426967,0.0022471910112359553,0.0,0.0,0.0,0.0044943820224719105,0.0022471910112359553,0.0,0.0,0.006741573033707865,0.0,0.0,0.0,0.0,0.0,0.0,0.0,0.0,0.0022471910112359553,0.01348314606741573,0.0,0.0,0.0,0.0,0.0022471910112359553,0.0,0.006741573033707865,0.02247191011235955,0.0,0.0,0.0,0.0,0.0044943820224719105,0.0,0.0,0.0,0.0044943820224719105,0.0,0.0,0.0022471910112359553,0.0022471910112359553,0.01348314606741573,0.0,0.0,0.0,0.0,0.0,0.0
Windows Server 2003,0.5,0.0,0.125,0.0,0.0,0.0,0.0,0.0,0.0,0.0,0.0,0.0,0.0,0.0,0.0,0.0,0.0,0.0,0.0,0.0,0.0,0.0,0.0,0.0,0.0,0.0,0.0,0.0,0.0,0.0,0.0,0.0,0.0,0.0,0.0,0.0,0.0,0.0,0.0,0.0,0.0,0.0,0.0,0.0,0.0,0.125,0.0,0.0,0.0,0.125,0.0,0.0,0.0,0.0,0.0,0.0,0.0,0.0,0.0,0.0,0.0,0.0,0.0,0.0,0.0,0.0,0.0,0.0,0.0,0.0,0.0,0.0,0.0,0.0,0.0,0.0,0.0,0.0,0.0,0.0,0.0,0.0,0.0,0.0,0.0,0.0,0.0,0.0,0.0,0.125,0.0,0.0,0.0,0.0,0.0,0.0,0.0
Windows Server 2008,0.0,0.0,0.0,0.0,0.0,0.0,0.0,0.0,0.0,0.0,0.0,0.0,0.0,0.0,0.0,0.0,0.0,0.0,0.0,0.0,0.0,0.0,0.0,0.0,0.0,0.0,0.0,0.0,0.0,0.0,0.0,0.0,0.0,0.0,0.0,0.0,0.0,0.0,0.0,0.0,0.0,0.0,0.0,0.0,0.0,0.0,0.0,0.0,0.0,0.0,0.0,0.0,0.0,0.0,1.0,0.0,0.0,0.0,0.0,0.0,0.0,0.0,0.0,0.0,0.0,0.0,0.0,0.0,0.0,0.0,0.0,0.0,0.0,0.0,0.0,0.0,0.0,0.0,0.0,0.0,0.0,0.0,0.0,0.0,0.0,0.0,0.0,0.0,0.0,0.0,0.0,0.0,0.0,0.0,0.0,0.0,0.0
Windows Vista,0.5652173913043478,0.0,0.021739130434782608,0.0,0.0,0.0,0.0,0.0,0.0,0.0,0.0,0.0,0.0,0.0,0.0,0.0,0.0,0.021739130434782608,0.0,0.0,0.0,0.0,0.0,0.0,0.021739130434782608,0.0,0.0,0.0,0.021739130434782608,0.021739130434782608,0.0,0.0,0.08695652173913043,0.0,0.0,0.0,0.0,0.0,0.021739130434782608,0.0,0.0,0.021739130434782608,0.0,0.0,0.0,0.0,0.0,0.0,0.0,0.0,0.0,0.0,0.0,0.0,0.0,0.0,0.0,0.0,0.021739130434782608,0.0,0.0,0.0,0.0,0.0,0.0,0.021739130434782608,0.0,0.0,0.0,0.0,0.0,0.0,0.0,0.0,0.0,0.021739130434782608,0.0,0.043478260869565216,0.021739130434782608,0.0,0.0,0.0,0.0,0.0,0.0,0.0,0.0,0.0,0.0,0.0,0.043478260869565216,0.0,0.0,0.0,0.021739130434782608,0.0,0.0
Windows XP,0.44660194174757284,0.003236245954692557,0.006472491909385114,0.0,0.0,0.0,0.0,0.0,0.0,0.0,0.003236245954692557,0.0,0.0,0.0,0.0,0.0,0.0,0.0,0.0,0.0,0.003236245954692557,0.0,0.0,0.0,0.02912621359223301,0.0,0.0,0.0,0.012944983818770227,0.03559870550161812,0.0,0.0,0.05501618122977346,0.006472491909385114,0.0,0.003236245954692557,0.003236245954692557,0.0,0.003236245954692557,0.0,0.0,0.009708737864077669,0.0,0.12297734627831715,0.0,0.0,0.0,0.0,0.0,0.061488673139158574,0.0,0.0,0.0,0.0,0.006472491909385114,0.0,0.0,0.006472491909385114,0.012944983818770227,0.0,0.0,0.003236245954692557,0.0,0.003236245954692557,0.0,0.003236245954692557,0.0,0.019417475728155338,0.022653721682847898,0.0,0.0,0.0,0.0,0.006472491909385114,0.0,0.02912621359223301,0.009708737864077669,0.02912621359223301,0.0,0.0,0.0,0.016181229773462782,0.0,0.0,0.0,0.012944983818770227,0.0,0.0,0.0,0.006472491909385114,0.0,0.0,0.0,0.0,0.006472491909385114,0.0,0.0
iOS,0.8085106382978723,0.0,0.0,0.0,0.0,0.0,0.0,0.0,0.02127659574468085,0.0,0.02127659574468085,0.0,0.0,0.0,0.0,0.0,0.0,0.0,0.0,0.0,0.0,0.0,0.0,0.0,0.0,0.0,0.0,0.0,0.02127659574468085,0.0,0.0,0.0,0.0,0.0,0.0,0.0,0.0,0.0,0.0,0.0,0.0,0.0,0.0,0.0,0.0,0.0,0.0,0.0,0.0,0.0,0.0,0.0,0.0,0.0,0.02127659574468085,0.0,0.0,0.0,0.02127659574468085,0.0,0.0,0.0,0.0,0.0,0.0,0.0,0.0,0.0,0.0,0.0,0.0,0.0,0.0,0.02127659574468085,0.0,0.0,0.0,0.0,0.0,0.0,0.0,0.0,0.0,0.0,0.0,0.0,0.0,0.0,0.0,0.02127659574468085,0.0,0.0,0.0,0.02127659574468085,0.02127659574468085,0.0,0.0
macOS,0.5474537037037037,0.003472222222222222,0.0028935185185185184,0.0,0.0,0.0,0.004629629629629629,0.0023148148148148147,0.0,0.0005787037037037037,0.001736111111111111,0.0005787037037037037,0.007523148148148148,0.0023148148148148147,0.003472222222222222,0.0,0.005787037037037037,0.01099537037037037,0.0005787037037037037,0.0005787037037037037,0.028935185185185185,0.001736111111111111,0.006944444444444444,0.0,0.012152777777777778,0.0011574074074074073,0.0005787037037037037,0.0,0.013310185185185185,0.017361111111111112,0.0005787037037037037,0.0011574074074074073,0.036458333333333336,0.001736111111111111,0.0005787037037037037,0.00636574074074074,0.005208333333333333,0.0011574074074074073,0.0023148148148148147,0.001736111111111111,0.0,0.005787037037037037,0.0011574074074074073,0.005208333333333333,0.0011574074074074073,0.0023148148148148147,0.0005787037037037037,0.0028935185185185184,0.0011574074074074073,0.07002314814814815,0.0023148148148148147,0.0,0.001736111111111111,0.0,0.019675925925925927,0.001736111111111111,0.0,0.001736111111111111,0.004629629629629629,0.0023148148148148147,0.003472222222222222,0.003472222222222222,0.0,0.0,0.0005787037037037037,0.0011574074074074073,0.0,0.005208333333333333,0.011574074074074073,0.001736111111111111,0.0,0.0,0.015046296296296295,0.0005787037037037037,0.0,0.009837962962962963,0.011574074074074073,0.008101851851851851,0.00636574074074074,0.0023148148148148147,0.0,0.006944444444444444,0.0,0.0005787037037037037,0.001736111111111111,0.030671296296296297,0.0,0.0,0.0,0.006944444444444444,0.009837962962962963,0.0,0.0,0.001736111111111111,0.001736111111111111,0.0,0.0
